epoch,time,train/box_loss,train/cls_loss,train/dfl_loss,metrics/precision(B),metrics/recall(B),metrics/mAP50(B),metrics/mAP50-95(B),val/box_loss,val/cls_loss,val/dfl_loss,lr/pg0,lr/pg1,lr/pg2
1,9.67197,4.99676,5.05313,4.83522,0,0,0,0,4.74495,4.62547,4.15108,0.0775,0.0025,0.0025
2,16.0944,4.8389,4.53272,4.56933,0,0,0,0,4.7341,4.505,4.13655,0.0540916,0.00509159,0.00509159
3,22.2234,4.42385,3.78735,4.13461,0,0,0,0,4.73336,3.97683,4.13661,0.0306746,0.00767459,0.00767459
4,28.2277,3.58496,2.85719,3.52461,0.04178,0.36765,0.05049,0.01208,3.81721,3.72877,3.83251,0.0099505,0.0099505,0.0099505
5,34.1095,3.1096,2.4866,3.19044,0.14642,0.15196,0.04808,0.00856,4.08018,3.7194,22.9472,0.009934,0.009934,0.009934
6,39.7744,2.69906,2.01809,2.97669,0.07297,0.17157,0.05489,0.00787,4.27135,10.7168,11.5814,0.0099175,0.0099175,0.0099175
7,45.663,2.55954,1.69313,2.86373,0.08809,0.68137,0.0784,0.02103,2.70965,21.0271,4.31247,0.009901,0.009901,0.009901
8,51.4901,2.38016,1.53315,2.80261,0.33031,0.50291,0.38991,0.12311,2.53521,2.68493,3.62262,0.0098845,0.0098845,0.0098845
9,57.3345,2.25121,1.37357,2.78343,0.65451,0.59433,0.61633,0.23087,2.20505,2.66325,3.39122,0.009868,0.009868,0.009868
10,63.203,2.21837,1.30883,2.75029,0.52942,0.53431,0.50156,0.15823,2.62049,2.19222,3.64443,0.0098515,0.0098515,0.0098515
11,68.8329,2.04583,1.21462,2.61687,0.75149,0.70098,0.74587,0.35428,1.99258,1.32142,3.11539,0.009835,0.009835,0.009835
12,75.0459,1.9851,1.19928,2.57315,0.85498,0.72251,0.84227,0.44666,1.8131,1.70937,3.06111,0.0098185,0.0098185,0.0098185
13,80.9047,1.90249,1.10131,2.55495,0.81215,0.76471,0.82176,0.4133,1.77125,2.28001,3.12179,0.009802,0.009802,0.009802
14,86.5676,1.86667,1.10564,2.58588,0.78425,0.72549,0.8199,0.416,1.7976,1.08268,3.04802,0.0097855,0.0097855,0.0097855
15,92.2236,1.80723,1.06689,2.49875,0.83853,0.78915,0.84477,0.42699,1.86348,1.08129,2.93771,0.009769,0.009769,0.009769
16,97.8684,1.80469,1.08432,2.51937,0.83427,0.77941,0.8579,0.4952,1.56272,1.06046,3.09843,0.0097525,0.0097525,0.0097525
17,103.72,1.74021,1.04419,2.46617,0.73386,0.70289,0.75657,0.4016,1.75813,1.21499,2.87153,0.009736,0.009736,0.009736
18,109.395,1.71449,1.02685,2.41736,0.85149,0.78697,0.85274,0.42337,1.77789,1.05642,2.73742,0.0097195,0.0097195,0.0097195
19,115.045,1.70492,0.98555,2.3673,0.8282,0.77981,0.86444,0.44967,1.68243,1.06699,2.72853,0.009703,0.009703,0.009703
20,120.682,1.64396,0.99398,2.45555,0.86594,0.79162,0.89022,0.52355,1.51367,0.90003,2.78234,0.0096865,0.0096865,0.0096865
21,126.544,1.63796,0.96964,2.36115,0.82185,0.76889,0.84189,0.47233,1.57955,1.00194,2.64601,0.00967,0.00967,0.00967
22,132.225,1.62369,0.98097,2.27755,0.87508,0.82414,0.90161,0.51941,1.47154,0.9293,2.69679,0.0096535,0.0096535,0.0096535
23,138.173,1.60731,0.96719,2.32722,0.88044,0.76961,0.86949,0.44738,1.66266,1.01477,2.696,0.009637,0.009637,0.009637
24,143.826,1.56001,0.93473,2.23148,0.88932,0.78773,0.89918,0.54487,1.39453,0.91863,2.53682,0.0096205,0.0096205,0.0096205
25,149.68,1.55692,0.93107,2.27041,0.86706,0.73039,0.81635,0.49651,1.48752,1.14155,2.57247,0.009604,0.009604,0.009604
26,155.336,1.50962,0.88188,2.18756,0.85798,0.85784,0.92174,0.56456,1.38581,0.92441,2.51799,0.0095875,0.0095875,0.0095875
27,161.207,1.50675,0.88363,2.15423,0.82811,0.87378,0.90989,0.57484,1.3599,0.81755,2.50539,0.009571,0.009571,0.009571
28,167.037,1.49846,0.88509,2.15617,0.90121,0.80493,0.89481,0.56219,1.35282,0.95636,2.49541,0.0095545,0.0095545,0.0095545
29,172.716,1.46676,0.87634,2.13969,0.91226,0.76454,0.87527,0.53882,1.35344,0.89745,2.50779,0.009538,0.009538,0.009538
30,178.419,1.45658,0.87151,2.1204,0.89137,0.80447,0.90979,0.58692,1.29744,0.86362,2.41246,0.0095215,0.0095215,0.0095215
31,184.274,1.46194,0.86989,2.16862,0.84212,0.85784,0.9134,0.5485,1.34167,0.88165,2.48371,0.009505,0.009505,0.009505
32,189.944,1.46674,0.88523,2.16051,0.80314,0.7549,0.84157,0.4741,1.54661,1.0562,2.68605,0.0094885,0.0094885,0.0094885
33,195.605,1.45667,0.86202,2.08565,0.86581,0.79902,0.89416,0.54638,1.40081,0.84825,2.59585,0.009472,0.009472,0.009472
34,201.558,1.44437,0.86344,2.09967,0.82601,0.79127,0.84067,0.46921,1.48123,0.95709,2.52532,0.0094555,0.0094555,0.0094555
35,207.211,1.4366,0.85216,2.13151,0.93493,0.84521,0.91499,0.59316,1.29092,0.81216,2.3662,0.009439,0.009439,0.009439
36,213.082,1.40986,0.84173,2.06953,0.8558,0.86275,0.91477,0.56054,1.38059,0.88159,2.41097,0.0094225,0.0094225,0.0094225
37,218.741,1.39483,0.82834,2.08266,0.85669,0.86275,0.89926,0.56818,1.30159,0.85007,2.37489,0.009406,0.009406,0.009406
38,224.406,1.3722,0.81612,2.09433,0.86346,0.90196,0.92435,0.60052,1.29603,0.84778,2.28359,0.0093895,0.0093895,0.0093895
39,230.245,1.40324,0.82638,2.12118,0.911,0.85784,0.93339,0.60808,1.28066,0.78938,2.28489,0.009373,0.009373,0.009373
40,236.093,1.40415,0.83337,2.0756,0.90984,0.78431,0.89995,0.57405,1.31383,0.88043,2.41181,0.0093565,0.0093565,0.0093565
41,241.748,1.37684,0.81486,2.01741,0.85857,0.87255,0.91408,0.55711,1.40761,0.86632,2.4564,0.00934,0.00934,0.00934
42,247.44,1.35218,0.7884,2.08183,0.90143,0.83824,0.93453,0.59255,1.27968,0.82899,2.37851,0.0093235,0.0093235,0.0093235
43,253.085,1.33259,0.79264,2.00087,0.89458,0.87351,0.92942,0.60913,1.22574,0.77437,2.32033,0.009307,0.009307,0.009307
44,258.935,1.35699,0.79787,2.01799,0.90284,0.86542,0.94567,0.62434,1.19315,0.76191,2.24113,0.0092905,0.0092905,0.0092905
45,265.231,1.31351,0.77156,1.99426,0.92082,0.82843,0.94374,0.61328,1.19935,0.73931,2.29645,0.009274,0.009274,0.009274
46,270.926,1.31774,0.78711,2.0202,0.86398,0.84804,0.91452,0.60265,1.16104,0.79489,2.29585,0.0092575,0.0092575,0.0092575
47,276.601,1.33471,0.77196,1.99449,0.88661,0.86765,0.94688,0.61367,1.24639,0.77807,2.37825,0.009241,0.009241,0.009241
48,282.274,1.34412,0.78552,2.0568,0.90352,0.83333,0.92805,0.6111,1.20067,0.80422,2.25761,0.0092245,0.0092245,0.0092245
49,287.943,1.31761,0.79082,1.99759,0.90319,0.8689,0.94026,0.63209,1.15235,0.78085,2.29496,0.009208,0.009208,0.009208
50,293.807,1.31884,0.77756,1.98037,0.917,0.83824,0.89752,0.57444,1.27371,0.8381,2.39687,0.0091915,0.0091915,0.0091915
51,299.462,1.2919,0.75481,1.94954,0.93314,0.88235,0.95758,0.64085,1.18796,0.73626,2.25294,0.009175,0.009175,0.009175
52,305.33,1.30228,0.7632,1.97618,0.91818,0.88011,0.94779,0.61447,1.17379,0.7692,2.24081,0.0091585,0.0091585,0.0091585
53,310.974,1.30129,0.75827,2.00816,0.88704,0.88533,0.95066,0.63851,1.15464,0.73952,2.22474,0.009142,0.009142,0.009142
54,316.65,1.31998,0.78428,1.99263,0.90378,0.87487,0.92431,0.61226,1.19071,0.75871,2.29467,0.0091255,0.0091255,0.0091255
55,322.302,1.30874,0.76519,1.98523,0.92536,0.82843,0.91252,0.60517,1.27789,0.82338,2.24791,0.009109,0.009109,0.009109
56,328.421,1.3077,0.74437,1.96914,0.92347,0.88732,0.96101,0.66781,1.13264,0.71061,2.27052,0.0090925,0.0090925,0.0090925
57,334.546,1.26995,0.73505,1.99396,0.92541,0.8514,0.95394,0.64913,1.12425,0.70104,2.20779,0.009076,0.009076,0.009076
58,340.203,1.27784,0.76195,1.94253,0.89715,0.90196,0.96256,0.63893,1.19888,0.71348,2.1874,0.0090595,0.0090595,0.0090595
59,345.868,1.29413,0.76108,1.97204,0.9236,0.88889,0.96547,0.68722,1.10278,0.69895,2.19808,0.009043,0.009043,0.009043
60,351.746,1.2694,0.74894,1.98963,0.89847,0.82843,0.9187,0.6225,1.1579,0.80582,2.2245,0.0090265,0.0090265,0.0090265
61,357.418,1.25715,0.72896,1.93305,0.92397,0.86275,0.95054,0.64171,1.15786,0.71665,2.27205,0.00901,0.00901,0.00901
62,363.086,1.26372,0.74659,1.98744,0.88195,0.90196,0.93914,0.6513,1.16758,0.74958,2.19885,0.0089935,0.0089935,0.0089935
63,368.745,1.26467,0.74425,1.90544,0.91711,0.87745,0.95397,0.64044,1.14668,0.71092,2.17192,0.008977,0.008977,0.008977
64,374.403,1.24011,0.73419,1.91692,0.94805,0.83824,0.94629,0.66039,1.1003,0.71662,2.24129,0.0089605,0.0089605,0.0089605
65,380.064,1.26312,0.73877,1.92464,0.86044,0.87255,0.91659,0.62571,1.13948,0.78107,2.239,0.008944,0.008944,0.008944
66,385.727,1.26073,0.74043,1.93239,0.87998,0.89216,0.94358,0.6349,1.17801,0.74319,2.13126,0.0089275,0.0089275,0.0089275
67,391.667,1.24725,0.74213,1.92947,0.89381,0.86647,0.94996,0.65571,1.08571,0.76727,2.17751,0.008911,0.008911,0.008911
68,397.665,1.25198,0.75261,1.9316,0.91287,0.87306,0.94486,0.6601,1.1312,0.69923,2.22502,0.0088945,0.0088945,0.0088945
69,403.336,1.2381,0.72856,1.92134,0.93545,0.86765,0.93883,0.6496,1.11815,0.71738,2.20899,0.008878,0.008878,0.008878
70,409.003,1.25254,0.73159,1.91079,0.88123,0.93137,0.96011,0.66331,1.09895,0.67531,2.19434,0.0088615,0.0088615,0.0088615
71,414.68,1.22428,0.71299,1.91522,0.92251,0.9337,0.97125,0.67299,1.13056,0.66508,2.08642,0.008845,0.008845,0.008845
72,420.345,1.21884,0.71111,1.90068,0.92273,0.87806,0.9515,0.66036,1.06211,0.69452,2.16262,0.0088285,0.0088285,0.0088285
73,425.994,1.22904,0.72282,1.86487,0.93806,0.88725,0.95591,0.67613,1.08674,0.66852,2.13304,0.008812,0.008812,0.008812
74,431.667,1.22529,0.7041,1.91152,0.91288,0.87326,0.95262,0.68373,1.09137,0.67042,2.11733,0.0087955,0.0087955,0.0087955
75,437.335,1.22714,0.72826,1.94946,0.94745,0.88376,0.95827,0.66413,1.10227,0.68259,2.13002,0.008779,0.008779,0.008779
76,442.979,1.21641,0.72256,1.92835,0.92696,0.87096,0.94851,0.655,1.1026,0.69038,2.11931,0.0087625,0.0087625,0.0087625
77,448.659,1.21269,0.71646,1.85995,0.93611,0.90686,0.95839,0.65817,1.12235,0.68774,2.2133,0.008746,0.008746,0.008746
78,454.31,1.19574,0.69972,1.86275,0.92277,0.87856,0.9564,0.68957,1.05021,0.65981,2.13839,0.0087295,0.0087295,0.0087295
79,460.522,1.21006,0.71293,1.88022,0.90226,0.85294,0.92959,0.65062,1.08475,0.72747,2.18439,0.008713,0.008713,0.008713
80,466.183,1.20687,0.69156,1.88327,0.92454,0.84083,0.94089,0.67531,1.04046,0.68587,2.1642,0.0086965,0.0086965,0.0086965
81,471.842,1.17672,0.68833,1.84646,0.90299,0.91667,0.96513,0.66562,1.07297,0.68845,2.09697,0.00868,0.00868,0.00868
82,477.528,1.19182,0.70169,1.85866,0.90915,0.93208,0.96256,0.67788,1.03832,0.65211,2.12058,0.0086635,0.0086635,0.0086635
83,483.186,1.19623,0.6994,1.89873,0.91197,0.91176,0.96,0.70024,0.98922,0.62828,2.11267,0.008647,0.008647,0.008647
84,489.053,1.18197,0.69243,1.84518,0.94271,0.91176,0.96902,0.68399,1.05265,0.64084,2.03078,0.0086305,0.0086305,0.0086305
85,494.717,1.18561,0.69431,1.92323,0.92097,0.91401,0.95729,0.70378,1.02185,0.66528,2.147,0.008614,0.008614,0.008614
86,500.57,1.16905,0.67229,1.85307,0.91452,0.90686,0.96074,0.67933,1.06642,0.67608,2.16745,0.0085975,0.0085975,0.0085975
87,506.236,1.2071,0.69789,1.84217,0.93019,0.91448,0.96513,0.69812,1.02647,0.62802,2.0655,0.008581,0.008581,0.008581
88,511.915,1.17268,0.67297,1.88433,0.932,0.89706,0.95681,0.69029,1.03744,0.65418,2.14843,0.0085645,0.0085645,0.0085645
89,517.583,1.18434,0.68182,1.89708,0.9579,0.89216,0.96444,0.68934,1.09415,0.66558,2.06318,0.008548,0.008548,0.008548
90,523.575,1.20213,0.70479,1.88257,0.89681,0.91667,0.96571,0.67314,1.08349,0.66733,2.15781,0.0085315,0.0085315,0.0085315
91,529.241,1.15523,0.66984,1.91546,0.94969,0.92157,0.97504,0.69052,1.05811,0.6189,2.1331,0.008515,0.008515,0.008515
92,534.899,1.16973,0.67642,1.87965,0.95386,0.91197,0.97487,0.70199,1.0201,0.6275,2.16688,0.0084985,0.0084985,0.0084985
93,540.774,1.17587,0.68221,1.83331,0.94637,0.93627,0.96934,0.67557,1.08702,0.65285,2.15242,0.008482,0.008482,0.008482
94,546.435,1.15066,0.65576,1.82895,0.95007,0.90196,0.95471,0.67171,1.06297,0.65421,2.14075,0.0084655,0.0084655,0.0084655
95,552.124,1.15863,0.68182,1.84573,0.88807,0.91667,0.93632,0.67176,1.00537,0.6653,2.17188,0.008449,0.008449,0.008449
96,557.755,1.14649,0.65534,1.83989,0.94953,0.89216,0.96438,0.68703,1.07771,0.64143,2.11633,0.0084325,0.0084325,0.0084325
97,563.413,1.15927,0.66609,1.87116,0.9097,0.93832,0.97366,0.70491,0.98865,0.59691,2.12298,0.008416,0.008416,0.008416
98,569.273,1.15408,0.6517,1.83501,0.96815,0.89411,0.9722,0.69884,1.06535,0.64301,2.1255,0.0083995,0.0083995,0.0083995
99,574.929,1.13109,0.65654,1.80944,0.92119,0.9167,0.96284,0.68317,1.02353,0.62445,2.09501,0.008383,0.008383,0.008383
100,580.58,1.13308,0.67153,1.85371,0.93257,0.88139,0.94901,0.65637,1.07851,0.65734,2.15392,0.0083665,0.0083665,0.0083665
101,586.588,1.15046,0.67105,1.81366,0.93032,0.91633,0.96429,0.69788,1.00903,0.62497,2.07953,0.00835,0.00835,0.00835
102,592.262,1.14879,0.66526,1.84525,0.92468,0.91667,0.96528,0.69909,1.0117,0.62171,2.12827,0.0083335,0.0083335,0.0083335
103,597.927,1.13901,0.66664,1.82304,0.93573,0.92779,0.97008,0.7125,1.00393,0.60736,2.04965,0.008317,0.008317,0.008317
104,603.775,1.1451,0.65587,1.85341,0.9233,0.93627,0.98023,0.71244,1.02991,0.59552,2.05009,0.0083005,0.0083005,0.0083005
105,609.665,1.14836,0.67792,1.79789,0.92593,0.90686,0.96635,0.68178,1.04163,0.64348,2.08231,0.008284,0.008284,0.008284
106,615.322,1.11198,0.65807,1.84551,0.9213,0.91176,0.96245,0.69636,0.99906,0.62213,2.13428,0.0082675,0.0082675,0.0082675
107,620.982,1.14354,0.6585,1.796,0.91988,0.90047,0.96683,0.70973,1.02287,0.63005,2.0835,0.008251,0.008251,0.008251
108,626.653,1.1465,0.66488,1.86319,0.93769,0.95896,0.97813,0.7026,1.02884,0.58504,2.11319,0.0082345,0.0082345,0.0082345
109,632.32,1.13284,0.6506,1.79138,0.92004,0.90248,0.93796,0.65615,1.03898,0.64885,2.16293,0.008218,0.008218,0.008218
110,638.003,1.10254,0.65296,1.8161,0.92558,0.95588,0.98209,0.71362,0.98844,0.58581,2.05948,0.0082015,0.0082015,0.0082015
111,643.903,1.13299,0.64532,1.78783,0.94973,0.92613,0.97422,0.69025,1.05319,0.59018,2.03887,0.008185,0.008185,0.008185
112,649.559,1.13685,0.64537,1.84961,0.93806,0.94118,0.97032,0.70594,1.00913,0.59368,2.07721,0.0081685,0.0081685,0.0081685
113,655.211,1.10123,0.6302,1.79255,0.95183,0.94118,0.98218,0.70401,1.00282,0.60023,2.09072,0.008152,0.008152,0.008152
114,660.878,1.11699,0.64587,1.85162,0.91017,0.94366,0.97858,0.71948,0.98685,0.5996,2.09887,0.0081355,0.0081355,0.0081355
115,666.735,1.11558,0.64368,1.82894,0.91841,0.95098,0.97767,0.70747,1.00047,0.58189,2.01949,0.008119,0.008119,0.008119
116,672.41,1.12194,0.6499,1.81456,0.94207,0.95668,0.98519,0.72274,1.01981,0.58459,2.04655,0.0081025,0.0081025,0.0081025
117,678.261,1.12912,0.63708,1.80291,0.94093,0.937,0.9781,0.71195,0.99024,0.59286,2.05902,0.008086,0.008086,0.008086
118,683.914,1.104,0.63122,1.79325,0.9549,0.9342,0.96799,0.70253,0.99898,0.615,2.03205,0.0080695,0.0080695,0.0080695
119,689.59,1.10808,0.644,1.8276,0.91763,0.9284,0.96118,0.7026,0.98384,0.61716,2.08405,0.008053,0.008053,0.008053
120,695.256,1.10541,0.63695,1.81855,0.94081,0.91667,0.97692,0.73799,0.95133,0.60084,1.96034,0.0080365,0.0080365,0.0080365
121,701.127,1.10751,0.63487,1.79661,0.89524,0.97059,0.97206,0.70319,0.99596,0.61163,2.07721,0.00802,0.00802,0.00802
122,706.8,1.08202,0.62116,1.76831,0.93217,0.94312,0.97111,0.72532,0.96344,0.58615,2.04624,0.0080035,0.0080035,0.0080035
123,712.83,1.09967,0.62763,1.81184,0.92555,0.97505,0.97398,0.71527,1.01293,0.59211,2.02916,0.007987,0.007987,0.007987
124,718.49,1.10924,0.6294,1.80694,0.91523,0.90196,0.95415,0.67408,1.03911,0.65283,2.09536,0.0079705,0.0079705,0.0079705
125,724.175,1.11357,0.62031,1.75226,0.94631,0.9503,0.97579,0.70178,1.01012,0.56623,1.99298,0.007954,0.007954,0.007954
126,729.831,1.11587,0.63412,1.7562,0.93611,0.92647,0.97648,0.70907,1.0154,0.60324,2.01429,0.0079375,0.0079375,0.0079375
127,735.525,1.10861,0.63358,1.77565,0.94461,0.92157,0.97577,0.71012,0.98985,0.6119,2.09725,0.007921,0.007921,0.007921
128,741.178,1.10358,0.63379,1.79797,0.93195,0.93137,0.97642,0.72265,0.95424,0.57856,2.03053,0.0079045,0.0079045,0.0079045
129,746.851,1.09067,0.62346,1.76563,0.95977,0.94118,0.97798,0.72062,0.98477,0.59665,2.02302,0.007888,0.007888,0.007888
130,752.518,1.09927,0.62853,1.75836,0.96065,0.95588,0.98123,0.7179,1.01107,0.57715,2.03276,0.0078715,0.0078715,0.0078715
131,758.161,1.09769,0.62567,1.75569,0.93681,0.94472,0.97918,0.73401,0.97073,0.56436,2.01197,0.007855,0.007855,0.007855
132,763.836,1.10407,0.63212,1.78682,0.93832,0.94608,0.97943,0.72826,0.98559,0.5748,2.08355,0.0078385,0.0078385,0.0078385
133,769.521,1.11589,0.63828,1.82985,0.9437,0.93627,0.97415,0.70938,0.99467,0.60405,2.08473,0.007822,0.007822,0.007822
134,775.188,1.09972,0.63472,1.77954,0.92523,0.95098,0.97198,0.71327,0.97686,0.5939,2.05478,0.0078055,0.0078055,0.0078055
135,780.847,1.07372,0.61227,1.73872,0.94184,0.95263,0.98358,0.72208,0.95661,0.55531,2.05651,0.007789,0.007789,0.007789
136,786.517,1.09068,0.6186,1.76411,0.96657,0.90686,0.98161,0.73104,0.94575,0.56988,2.01417,0.0077725,0.0077725,0.0077725
137,792.175,1.07152,0.61529,1.76585,0.92766,0.95098,0.97715,0.72874,0.95883,0.58548,2.05769,0.007756,0.007756,0.007756
138,797.838,1.07721,0.61807,1.79462,0.92017,0.96569,0.97379,0.72072,0.97224,0.57687,2.06927,0.0077395,0.0077395,0.0077395
139,803.471,1.07982,0.62882,1.77757,0.95524,0.94164,0.97099,0.72265,0.93265,0.56573,2.03904,0.007723,0.007723,0.007723
140,809.143,1.07663,0.62415,1.75944,0.93925,0.96078,0.97923,0.72373,0.94951,0.57178,2.04921,0.0077065,0.0077065,0.0077065
141,814.804,1.08793,0.62939,1.76233,0.9331,0.95715,0.96798,0.72018,0.94203,0.58516,2.05406,0.00769,0.00769,0.00769
142,820.471,1.07617,0.61055,1.76553,0.94852,0.92647,0.97671,0.71898,0.9546,0.58225,2.01346,0.0076735,0.0076735,0.0076735
143,826.121,1.07931,0.61942,1.77933,0.94288,0.89008,0.95107,0.68764,1.03762,0.65779,2.16499,0.007657,0.007657,0.007657
144,831.797,1.06596,0.62105,1.74687,0.91064,0.89216,0.9439,0.65776,1.10248,0.68792,2.31523,0.0076405,0.0076405,0.0076405
145,837.457,1.09599,0.62204,1.73611,0.92122,0.9745,0.97538,0.70362,1.01039,0.58023,2.04301,0.007624,0.007624,0.007624
146,843.136,1.07329,0.62561,1.78305,0.94158,0.94811,0.9833,0.71509,1.00373,0.57161,2.01186,0.0076075,0.0076075,0.0076075
147,848.799,1.05849,0.60278,1.72965,0.90724,0.95891,0.97619,0.7026,0.99899,0.56164,2.03262,0.007591,0.007591,0.007591
148,854.472,1.08625,0.60978,1.78387,0.94052,0.94608,0.97619,0.7327,0.95363,0.56239,2.04302,0.0075745,0.0075745,0.0075745
149,860.163,1.04685,0.59903,1.73534,0.94361,0.91667,0.96667,0.71036,0.98518,0.60219,2.06197,0.007558,0.007558,0.007558
150,865.822,1.0605,0.60686,1.75154,0.918,0.95098,0.97922,0.73538,0.97551,0.57015,1.98051,0.0075415,0.0075415,0.0075415
151,871.487,1.05606,0.60172,1.76635,0.94688,0.9612,0.97895,0.73991,0.93447,0.55633,2.00906,0.007525,0.007525,0.007525
152,877.357,1.06944,0.61628,1.76972,0.95453,0.92624,0.9708,0.72693,0.96275,0.56518,1.98832,0.0075085,0.0075085,0.0075085
153,883.005,1.03112,0.59229,1.75276,0.93512,0.93137,0.95885,0.71212,0.94968,0.58666,2.0483,0.007492,0.007492,0.007492
154,888.642,1.04842,0.60269,1.74915,0.95807,0.94118,0.97888,0.71933,0.98281,0.57875,2.02343,0.0074755,0.0074755,0.0074755
155,894.31,1.04162,0.59227,1.73399,0.96888,0.95098,0.98485,0.74058,0.92565,0.5413,2.03085,0.007459,0.007459,0.007459
156,900.635,1.04063,0.6002,1.78041,0.94246,0.96357,0.98128,0.75113,0.91869,0.56352,1.97568,0.0074425,0.0074425,0.0074425
157,906.509,1.06572,0.60858,1.74481,0.93306,0.95658,0.96511,0.71593,0.96786,0.57067,2.07095,0.007426,0.007426,0.007426
158,912.164,1.05226,0.6019,1.75314,0.93599,0.93185,0.97376,0.72582,0.95421,0.59268,2.04109,0.0074095,0.0074095,0.0074095
159,917.824,1.04348,0.59715,1.75263,0.93691,0.94631,0.97372,0.70998,0.97123,0.59509,2.02829,0.007393,0.007393,0.007393
160,923.508,1.0722,0.61933,1.71889,0.9602,0.94611,0.97722,0.7366,0.94764,0.57258,2.0063,0.0073765,0.0073765,0.0073765
161,929.174,1.07948,0.60192,1.75668,0.92179,0.94608,0.97395,0.73457,0.92025,0.58467,1.97507,0.00736,0.00736,0.00736
162,934.837,1.05066,0.60754,1.77555,0.93752,0.95629,0.98206,0.73315,0.95536,0.56438,2.04107,0.0073435,0.0073435,0.0073435
163,940.507,1.05431,0.60012,1.70702,0.90553,0.95588,0.97133,0.71174,0.97329,0.5711,2.03348,0.007327,0.007327,0.007327
164,946.168,1.04222,0.5968,1.74075,0.93255,0.94886,0.96419,0.71464,0.96015,0.58353,2.01427,0.0073105,0.0073105,0.0073105
165,951.843,1.03949,0.59414,1.75637,0.96867,0.94608,0.98388,0.73597,0.94856,0.5401,1.98919,0.007294,0.007294,0.007294
166,957.506,1.02071,0.58814,1.71579,0.93388,0.94118,0.97395,0.72523,0.9379,0.55754,1.99416,0.0072775,0.0072775,0.0072775
167,963.522,1.04011,0.5949,1.72573,0.94237,0.96193,0.97919,0.73635,0.95182,0.57385,1.93617,0.007261,0.007261,0.007261
168,969.532,1.04008,0.58901,1.74158,0.9423,0.96066,0.97644,0.72828,0.92679,0.55035,1.95262,0.0072445,0.0072445,0.0072445
169,975.192,1.05692,0.59608,1.74321,0.94149,0.94662,0.97582,0.7329,0.91532,0.55136,1.98191,0.007228,0.007228,0.007228
170,980.841,1.03867,0.59393,1.7082,0.94312,0.95098,0.97647,0.73395,0.95858,0.56668,1.99827,0.0072115,0.0072115,0.0072115
171,986.514,1.03066,0.59473,1.69883,0.92886,0.96004,0.96732,0.70569,0.99902,0.58006,2.07983,0.007195,0.007195,0.007195
172,992.206,1.03778,0.59099,1.71842,0.95578,0.98039,0.98159,0.75352,0.9214,0.5347,1.99118,0.0071785,0.0071785,0.0071785
173,998.081,1.03121,0.58317,1.754,0.94185,0.95269,0.97971,0.74298,0.9156,0.54891,1.96375,0.007162,0.007162,0.007162
174,1003.74,1.03683,0.58938,1.74439,0.96922,0.92615,0.98122,0.75861,0.89445,0.54843,1.99926,0.0071455,0.0071455,0.0071455
175,1009.6,1.03319,0.60096,1.72703,0.95572,0.95233,0.97973,0.74407,0.92735,0.53932,1.99996,0.007129,0.007129,0.007129
176,1015.27,1.00734,0.58441,1.74162,0.94043,0.92871,0.96854,0.71759,0.98057,0.58697,2.07293,0.0071125,0.0071125,0.0071125
177,1020.95,1.02304,0.5854,1.72516,0.94677,0.97059,0.98374,0.73856,0.97151,0.56642,1.94056,0.007096,0.007096,0.007096
178,1026.62,1.03351,0.59494,1.74099,0.95488,0.92647,0.96919,0.72443,1.01485,0.60727,1.95274,0.0070795,0.0070795,0.0070795
179,1032.28,1.00698,0.58279,1.71211,0.96763,0.93627,0.97777,0.74446,0.92499,0.53806,1.97486,0.007063,0.007063,0.007063
180,1037.94,1.02371,0.58982,1.75127,0.93997,0.94608,0.96948,0.71748,0.96453,0.5683,2.0529,0.0070465,0.0070465,0.0070465
181,1043.6,1.03098,0.58066,1.75245,0.94403,0.95098,0.97657,0.73121,0.94941,0.57147,2.02011,0.00703,0.00703,0.00703
182,1049.27,1.02788,0.58263,1.73223,0.96622,0.94118,0.97994,0.75344,0.90435,0.56287,2.01194,0.0070135,0.0070135,0.0070135
183,1054.94,1.03563,0.59305,1.75816,0.94599,0.97059,0.97928,0.7509,0.90119,0.53509,1.97542,0.006997,0.006997,0.006997
184,1060.61,1.01452,0.58393,1.72203,0.95815,0.95098,0.97901,0.73886,0.94817,0.53865,2.02011,0.0069805,0.0069805,0.0069805
185,1066.28,1.02163,0.57779,1.72,0.94596,0.94381,0.98094,0.74483,0.93845,0.55176,2.01825,0.006964,0.006964,0.006964
186,1071.93,1.01002,0.57824,1.75515,0.96516,0.95045,0.98513,0.74551,0.91516,0.52366,1.98914,0.0069475,0.0069475,0.0069475
187,1077.6,1.01554,0.58386,1.70692,0.95978,0.95588,0.97734,0.73271,0.9401,0.53189,2.0489,0.006931,0.006931,0.006931
188,1083.27,1.00719,0.58349,1.71581,0.95125,0.95642,0.97762,0.7479,0.93032,0.54755,1.93963,0.0069145,0.0069145,0.0069145
189,1088.93,1.02697,0.58947,1.72364,0.93288,0.97549,0.98258,0.75139,0.90962,0.51317,1.98478,0.006898,0.006898,0.006898
190,1095.09,1.00484,0.58087,1.70426,0.96405,0.95098,0.9792,0.74236,0.90439,0.51447,2.0262,0.0068815,0.0068815,0.0068815
191,1100.76,0.98954,0.56596,1.7111,0.95633,0.97059,0.98647,0.76697,0.88604,0.5141,1.99805,0.006865,0.006865,0.006865
192,1106.62,1.01285,0.57472,1.70694,0.96902,0.91988,0.98219,0.75736,0.89858,0.5389,1.99161,0.0068485,0.0068485,0.0068485
193,1112.29,1.00289,0.57132,1.69957,0.97008,0.95374,0.97699,0.73872,0.93572,0.54183,2.01593,0.006832,0.006832,0.006832
194,1117.97,1.00291,0.56915,1.72362,0.96511,0.94924,0.9748,0.7487,0.89397,0.52434,1.97349,0.0068155,0.0068155,0.0068155
195,1123.61,1.01642,0.57969,1.73069,0.96836,0.95588,0.98059,0.74983,0.8925,0.50759,1.97321,0.006799,0.006799,0.006799
196,1129.27,1.02613,0.58654,1.69335,0.9469,0.96155,0.97736,0.751,0.87638,0.51921,1.94175,0.0067825,0.0067825,0.0067825
197,1134.92,1.02181,0.57256,1.70676,0.96559,0.96303,0.98486,0.74393,0.93264,0.5254,1.97269,0.006766,0.006766,0.006766
198,1140.59,1.01172,0.57568,1.70991,0.95581,0.97059,0.98067,0.73879,0.91761,0.52627,1.97351,0.0067495,0.0067495,0.0067495
199,1146.26,0.98787,0.57438,1.70125,0.94297,0.96569,0.98172,0.75342,0.91219,0.52951,1.98689,0.006733,0.006733,0.006733
200,1151.92,1.0128,0.57622,1.68002,0.9648,0.94051,0.9815,0.75899,0.8787,0.53027,1.9773,0.0067165,0.0067165,0.0067165
201,1158,1.00966,0.58425,1.73355,0.96479,0.9401,0.97965,0.74994,0.88202,0.52544,1.98938,0.0067,0.0067,0.0067
202,1163.66,0.98928,0.57033,1.74519,0.94607,0.94598,0.98374,0.75347,0.90433,0.53031,1.93936,0.0066835,0.0066835,0.0066835
203,1169.34,1.01807,0.57748,1.706,0.93868,0.94608,0.97672,0.73802,0.94415,0.54707,2.02061,0.006667,0.006667,0.006667
204,1175,1.01222,0.57687,1.69617,0.93867,0.97535,0.97463,0.73107,0.90735,0.53258,1.99648,0.0066505,0.0066505,0.0066505
205,1180.69,0.99329,0.56475,1.71396,0.95097,0.95086,0.97387,0.74166,0.90496,0.52223,2.05242,0.006634,0.006634,0.006634
206,1186.36,0.98336,0.55755,1.67788,0.97447,0.90686,0.98099,0.74529,0.90421,0.52446,1.96953,0.0066175,0.0066175,0.0066175
207,1192.05,0.99993,0.57125,1.71806,0.96966,0.94008,0.98473,0.76188,0.875,0.51032,1.92861,0.006601,0.006601,0.006601
208,1197.73,0.99578,0.56498,1.67081,0.95126,0.95677,0.97555,0.74729,0.90636,0.53602,1.96631,0.0065845,0.0065845,0.0065845
209,1203.38,0.99928,0.56775,1.70129,0.95688,0.95588,0.97783,0.74373,0.90264,0.52775,1.97578,0.006568,0.006568,0.006568
210,1209.08,0.9955,0.56236,1.71134,0.96062,0.96078,0.98559,0.75707,0.878,0.51311,1.9615,0.0065515,0.0065515,0.0065515
211,1214.75,0.96354,0.5501,1.66726,0.93935,0.91113,0.96036,0.71509,0.93943,0.56153,2.00723,0.006535,0.006535,0.006535
212,1220.71,0.97671,0.54948,1.65756,0.93178,0.97059,0.98051,0.73365,0.92661,0.53969,2.00108,0.0065185,0.0065185,0.0065185
213,1226.38,0.97158,0.55825,1.70991,0.96923,0.92657,0.98095,0.74592,0.87071,0.52747,1.97633,0.006502,0.006502,0.006502
214,1232.03,0.98262,0.56886,1.70627,0.92096,0.95588,0.97261,0.73661,0.93614,0.57438,1.99086,0.0064855,0.0064855,0.0064855
215,1237.7,1.0059,0.57516,1.71149,0.95995,0.93994,0.98298,0.74104,0.93326,0.5464,1.99811,0.006469,0.006469,0.006469
216,1243.43,0.97784,0.5659,1.67517,0.96361,0.96569,0.98737,0.75084,0.9073,0.51618,1.98173,0.0064525,0.0064525,0.0064525
217,1249.1,1.00233,0.56571,1.70159,0.96566,0.95098,0.98186,0.75273,0.88948,0.53853,1.95497,0.006436,0.006436,0.006436
218,1254.77,0.97194,0.55842,1.70215,0.97483,0.93137,0.97839,0.75787,0.88849,0.52801,1.97096,0.0064195,0.0064195,0.0064195
219,1260.43,1.00982,0.56804,1.74213,0.95511,0.93876,0.97108,0.74326,0.88201,0.52409,1.9902,0.006403,0.006403,0.006403
220,1266.08,0.9808,0.56375,1.69356,0.9651,0.9489,0.98231,0.764,0.88863,0.50168,1.97784,0.0063865,0.0063865,0.0063865
221,1271.73,0.99329,0.57138,1.72634,0.92356,0.94762,0.9604,0.71528,0.92111,0.55582,2.03296,0.00637,0.00637,0.00637
222,1277.42,0.97017,0.5584,1.69308,0.96527,0.9538,0.98247,0.76135,0.88957,0.51847,1.96974,0.0063535,0.0063535,0.0063535
223,1283.08,0.96597,0.56199,1.70298,0.95909,0.96078,0.98043,0.75333,0.89617,0.51064,1.99765,0.006337,0.006337,0.006337
224,1288.76,0.98394,0.56332,1.68992,0.95725,0.96078,0.98045,0.74524,0.90949,0.51826,1.99343,0.0063205,0.0063205,0.0063205
225,1294.43,0.99026,0.56323,1.67189,0.95094,0.95007,0.9779,0.7441,0.89545,0.53196,1.98565,0.006304,0.006304,0.006304
226,1300.12,0.98904,0.56572,1.69782,0.9695,0.93476,0.98561,0.75968,0.88033,0.50863,1.94413,0.0062875,0.0062875,0.0062875
227,1305.79,0.96764,0.55375,1.72367,0.95605,0.95961,0.97927,0.76383,0.88297,0.49661,1.94245,0.006271,0.006271,0.006271
228,1311.45,0.9501,0.5521,1.66391,0.94818,0.93137,0.96875,0.72741,0.92901,0.55382,2.03721,0.0062545,0.0062545,0.0062545
229,1317.11,0.98726,0.56091,1.70456,0.95758,0.93627,0.97973,0.74055,0.90169,0.51293,1.99941,0.006238,0.006238,0.006238
230,1322.76,0.97596,0.55498,1.69428,0.96984,0.94582,0.98196,0.74767,0.89666,0.50131,1.98021,0.0062215,0.0062215,0.0062215
231,1328.42,0.97316,0.55781,1.68553,0.93525,0.94118,0.96806,0.71842,0.93212,0.54227,1.99952,0.006205,0.006205,0.006205
232,1334.07,0.97385,0.55936,1.6676,0.95083,0.94798,0.98207,0.76283,0.86868,0.50368,1.9629,0.0061885,0.0061885,0.0061885
233,1339.78,0.96453,0.55301,1.65137,0.95023,0.96078,0.97259,0.74843,0.88306,0.50602,1.98646,0.006172,0.006172,0.006172
234,1345.92,0.97513,0.55443,1.67538,0.94313,0.97548,0.97738,0.7619,0.86869,0.50227,1.95683,0.0061555,0.0061555,0.0061555
235,1351.6,0.97457,0.55254,1.6941,0.95172,0.96569,0.9799,0.76149,0.87221,0.5102,1.9688,0.006139,0.006139,0.006139
236,1357.26,0.96504,0.54225,1.65124,0.96402,0.96569,0.98168,0.7642,0.85901,0.50686,1.95156,0.0061225,0.0061225,0.0061225
237,1362.92,0.96244,0.54909,1.65041,0.96112,0.96078,0.98181,0.75787,0.88025,0.50622,1.94516,0.006106,0.006106,0.006106
238,1368.62,0.96083,0.54443,1.65514,0.96858,0.95098,0.97585,0.76791,0.86414,0.50048,1.94563,0.0060895,0.0060895,0.0060895
239,1374.3,0.94336,0.54109,1.64891,0.95614,0.96184,0.97967,0.75752,0.88406,0.48881,1.97654,0.006073,0.006073,0.006073
240,1379.97,0.96001,0.54147,1.6356,0.95713,0.96078,0.98243,0.7546,0.87058,0.49569,1.94275,0.0060565,0.0060565,0.0060565
241,1385.63,0.93855,0.54143,1.66049,0.95383,0.95588,0.98031,0.76328,0.86135,0.51086,1.96356,0.00604,0.00604,0.00604
242,1391.29,0.96103,0.55351,1.68116,0.9643,0.96078,0.98269,0.75208,0.88323,0.49831,1.98859,0.0060235,0.0060235,0.0060235
243,1396.95,0.96136,0.55089,1.6655,0.96964,0.9393,0.98375,0.76159,0.89346,0.5103,1.97566,0.006007,0.006007,0.006007
244,1402.64,0.98026,0.54376,1.68363,0.97292,0.94608,0.98287,0.75382,0.87947,0.51059,1.93426,0.0059905,0.0059905,0.0059905
245,1408.77,0.97648,0.54776,1.68669,0.98493,0.96129,0.98889,0.7753,0.85856,0.48422,1.93686,0.005974,0.005974,0.005974
246,1414.86,0.96422,0.55005,1.66911,0.96366,0.95588,0.97874,0.74563,0.89069,0.50416,1.96393,0.0059575,0.0059575,0.0059575
247,1420.54,0.98103,0.55696,1.66631,0.95902,0.96569,0.97607,0.74458,0.87661,0.50089,1.97138,0.005941,0.005941,0.005941
248,1426.2,0.96064,0.54337,1.6913,0.9602,0.96078,0.97893,0.75361,0.87105,0.51407,1.96103,0.0059245,0.0059245,0.0059245
249,1431.9,0.94217,0.53925,1.6746,0.97907,0.96078,0.98562,0.77275,0.85415,0.51079,1.9516,0.005908,0.005908,0.005908
250,1437.55,0.94723,0.54258,1.6675,0.9504,0.96569,0.98369,0.77584,0.87263,0.50555,1.93839,0.0058915,0.0058915,0.0058915
251,1443.21,0.94509,0.53646,1.66615,0.95649,0.97059,0.98541,0.77278,0.86813,0.49218,1.93776,0.005875,0.005875,0.005875
252,1448.87,0.95786,0.54028,1.66102,0.95639,0.96742,0.98151,0.76064,0.87255,0.49496,1.97201,0.0058585,0.0058585,0.0058585
253,1454.52,0.94865,0.53669,1.66726,0.96605,0.96078,0.98359,0.7664,0.8644,0.4859,1.94189,0.005842,0.005842,0.005842
254,1460.21,0.94025,0.54223,1.6717,0.95192,0.94118,0.96904,0.73956,0.87454,0.51486,1.97292,0.0058255,0.0058255,0.0058255
255,1465.89,0.95865,0.55178,1.64477,0.97063,0.95588,0.98446,0.76093,0.86623,0.5103,1.95548,0.005809,0.005809,0.005809
256,1471.93,0.9513,0.5459,1.67259,0.96599,0.94118,0.97578,0.74095,0.91278,0.53797,2.0284,0.0057925,0.0057925,0.0057925
257,1477.86,0.93004,0.53141,1.65713,0.94789,0.96078,0.98012,0.76571,0.88311,0.52023,1.96265,0.005776,0.005776,0.005776
258,1483.52,0.96585,0.55572,1.67594,0.96144,0.95098,0.98061,0.76911,0.85767,0.50282,1.95788,0.0057595,0.0057595,0.0057595
259,1489.18,0.95979,0.54005,1.65251,0.96285,0.95588,0.98185,0.76548,0.85328,0.51336,1.94087,0.005743,0.005743,0.005743
260,1494.85,0.95708,0.54287,1.66398,0.96544,0.95865,0.98164,0.75083,0.87496,0.5015,1.94544,0.0057265,0.0057265,0.0057265
261,1500.53,0.94579,0.53797,1.6929,0.95486,0.95098,0.97218,0.74743,0.9032,0.53754,2.03729,0.00571,0.00571,0.00571
262,1506.22,0.95837,0.54297,1.66729,0.93324,0.95929,0.98023,0.75606,0.89432,0.523,1.99345,0.0056935,0.0056935,0.0056935
263,1511.87,0.93704,0.53358,1.6855,0.97982,0.95195,0.98099,0.76901,0.842,0.51191,1.94337,0.005677,0.005677,0.005677
264,1517.54,0.93665,0.53008,1.68126,0.95845,0.96569,0.97844,0.75871,0.87176,0.50651,1.92981,0.0056605,0.0056605,0.0056605
265,1523.2,0.95597,0.53947,1.67854,0.9745,0.93659,0.98062,0.76095,0.86633,0.51688,1.95503,0.005644,0.005644,0.005644
266,1528.9,0.94584,0.53252,1.65707,0.96679,0.95588,0.98544,0.76015,0.8833,0.49977,1.95342,0.0056275,0.0056275,0.0056275
267,1534.58,0.94035,0.52894,1.6517,0.95623,0.97059,0.98532,0.76069,0.87177,0.49547,1.97093,0.005611,0.005611,0.005611
268,1540.69,0.94925,0.54022,1.67704,0.9595,0.96569,0.97827,0.75374,0.86642,0.48627,1.92269,0.0055945,0.0055945,0.0055945
269,1546.36,0.91912,0.519,1.67251,0.97479,0.9479,0.98349,0.7741,0.84667,0.47791,1.89694,0.005578,0.005578,0.005578
270,1552.03,0.95058,0.53726,1.64034,0.95584,0.95491,0.97986,0.77817,0.84938,0.48078,1.9241,0.0055615,0.0055615,0.0055615
271,1557.89,0.91967,0.52606,1.66302,0.95588,0.9559,0.98025,0.77264,0.87166,0.48484,1.93188,0.005545,0.005545,0.005545
272,1563.57,0.94249,0.53679,1.66258,0.98476,0.95032,0.98301,0.77635,0.85911,0.48871,1.91196,0.0055285,0.0055285,0.0055285
273,1569.24,0.93375,0.53499,1.63842,0.96832,0.96569,0.98365,0.77105,0.84845,0.48651,1.89196,0.005512,0.005512,0.005512
274,1574.91,0.92644,0.53183,1.6223,0.97754,0.94608,0.98504,0.77556,0.84103,0.49488,1.92603,0.0054955,0.0054955,0.0054955
275,1580.56,0.94083,0.53386,1.62235,0.97168,0.95098,0.98233,0.76261,0.84798,0.50452,1.93872,0.005479,0.005479,0.005479
276,1586.21,0.91697,0.52758,1.6637,0.97482,0.94892,0.98139,0.76093,0.85653,0.49821,1.93711,0.0054625,0.0054625,0.0054625
277,1591.9,0.92501,0.5258,1.6358,0.97008,0.95368,0.98503,0.77519,0.8599,0.47625,1.93816,0.005446,0.005446,0.005446
278,1597.59,0.93224,0.52447,1.65446,0.98495,0.95588,0.9843,0.76134,0.87678,0.4868,1.94984,0.0054295,0.0054295,0.0054295
279,1603.55,0.92465,0.52734,1.61755,0.97885,0.94608,0.98561,0.76851,0.88074,0.49148,1.93971,0.005413,0.005413,0.005413
280,1609.2,0.91958,0.53586,1.67837,0.96098,0.96586,0.98136,0.7631,0.87601,0.48536,1.94115,0.0053965,0.0053965,0.0053965
281,1614.86,0.91814,0.52457,1.63735,0.97044,0.96545,0.9843,0.76971,0.8765,0.50002,1.96445,0.00538,0.00538,0.00538
282,1620.53,0.94715,0.53889,1.65242,0.95599,0.97059,0.98618,0.76284,0.88529,0.48654,1.97352,0.0053635,0.0053635,0.0053635
283,1626.25,0.92216,0.51957,1.67638,0.97459,0.95098,0.98629,0.77266,0.8499,0.47843,1.9405,0.005347,0.005347,0.005347
284,1631.94,0.91723,0.52482,1.62118,0.95562,0.94608,0.97883,0.75991,0.88585,0.50062,1.96679,0.0053305,0.0053305,0.0053305
285,1637.6,0.93194,0.5306,1.61544,0.96508,0.9482,0.97862,0.75054,0.88088,0.49677,1.97615,0.005314,0.005314,0.005314
286,1643.25,0.92203,0.52337,1.63221,0.97038,0.96357,0.98477,0.77356,0.83946,0.49323,1.92198,0.0052975,0.0052975,0.0052975
287,1648.93,0.90745,0.52273,1.63158,0.97015,0.96569,0.98454,0.76981,0.85868,0.48581,1.9185,0.005281,0.005281,0.005281
288,1654.6,0.93965,0.52692,1.64425,0.97151,0.96569,0.98571,0.77063,0.84994,0.48236,1.92432,0.0052645,0.0052645,0.0052645
289,1660.27,0.90568,0.51372,1.62538,0.97766,0.96569,0.98338,0.76865,0.84598,0.49668,1.92549,0.005248,0.005248,0.005248
290,1666.28,0.9247,0.51986,1.65912,0.97026,0.95951,0.9768,0.76015,0.86179,0.48698,1.95313,0.0052315,0.0052315,0.0052315
291,1671.93,0.90781,0.51718,1.59747,0.9658,0.96913,0.97168,0.75396,0.87499,0.49909,1.94679,0.005215,0.005215,0.005215
292,1677.6,0.91482,0.52898,1.58836,0.97039,0.96379,0.98175,0.76363,0.86674,0.47689,1.93683,0.0051985,0.0051985,0.0051985
293,1683.25,0.92338,0.52775,1.64843,0.97487,0.96569,0.98787,0.77684,0.84476,0.4729,1.89726,0.005182,0.005182,0.005182
294,1688.93,0.93565,0.52418,1.67347,0.97022,0.97059,0.98745,0.77625,0.84151,0.47574,1.92081,0.0051655,0.0051655,0.0051655
295,1694.59,0.91673,0.51927,1.63632,0.98123,0.95588,0.98369,0.76803,0.85464,0.47562,1.95979,0.005149,0.005149,0.005149
296,1700.24,0.93191,0.53309,1.68977,0.9806,0.96078,0.98617,0.76712,0.85627,0.47844,1.95705,0.0051325,0.0051325,0.0051325
297,1705.91,0.92305,0.53635,1.63408,0.98198,0.96078,0.98787,0.76282,0.87667,0.49949,1.98587,0.005116,0.005116,0.005116
298,1711.58,0.91215,0.52447,1.60861,0.966,0.97549,0.98793,0.75535,0.87354,0.48924,1.96187,0.0050995,0.0050995,0.0050995
299,1717.24,0.89954,0.51231,1.68938,0.95572,0.97059,0.98276,0.75984,0.86053,0.50295,1.96199,0.005083,0.005083,0.005083
300,1722.94,0.91296,0.52045,1.62338,0.96143,0.96078,0.98424,0.76794,0.85298,0.48378,1.93904,0.0050665,0.0050665,0.0050665
301,1729.06,0.91602,0.51933,1.62006,0.9478,0.98039,0.98691,0.76788,0.86075,0.47828,1.93967,0.00505,0.00505,0.00505
302,1734.94,0.90601,0.52015,1.63318,0.9611,0.96895,0.98449,0.76413,0.87258,0.48794,1.97642,0.0050335,0.0050335,0.0050335
303,1740.61,0.91771,0.52439,1.6253,0.96992,0.94849,0.98028,0.75829,0.87573,0.47824,1.9888,0.005017,0.005017,0.005017
304,1746.26,0.91018,0.52038,1.67256,0.96561,0.96347,0.98442,0.76953,0.87539,0.47715,1.91277,0.0050005,0.0050005,0.0050005
305,1751.94,0.92509,0.52482,1.60555,0.96009,0.96569,0.98631,0.77441,0.86485,0.46735,1.92278,0.004984,0.004984,0.004984
306,1757.6,0.91442,0.5207,1.60701,0.96687,0.95588,0.98659,0.77173,0.86213,0.47102,1.91687,0.0049675,0.0049675,0.0049675
307,1763.26,0.92637,0.52373,1.63845,0.96516,0.95068,0.9811,0.77173,0.85242,0.47127,1.92012,0.004951,0.004951,0.004951
308,1768.93,0.89906,0.51693,1.66605,0.97038,0.96348,0.98355,0.77213,0.85917,0.47612,1.94808,0.0049345,0.0049345,0.0049345
309,1774.6,0.89405,0.51603,1.62567,0.96993,0.94858,0.98708,0.77615,0.85037,0.48035,1.9299,0.004918,0.004918,0.004918
310,1780.27,0.90401,0.52186,1.64752,0.96144,0.96569,0.98805,0.78222,0.8389,0.46156,1.91066,0.0049015,0.0049015,0.0049015
311,1786.15,0.9165,0.52208,1.63137,0.98017,0.96943,0.98856,0.78229,0.83665,0.47451,1.89137,0.004885,0.004885,0.004885
312,1791.99,0.91091,0.52307,1.62989,0.97338,0.96078,0.98679,0.77719,0.85603,0.48236,1.95132,0.0048685,0.0048685,0.0048685
313,1797.66,0.90457,0.51358,1.59368,0.97979,0.95037,0.9843,0.76534,0.87775,0.5038,1.96358,0.004852,0.004852,0.004852
314,1803.33,0.88691,0.50287,1.65546,0.97484,0.95588,0.9847,0.76486,0.86069,0.48523,1.95725,0.0048355,0.0048355,0.0048355
315,1809.03,0.90735,0.512,1.65203,0.96537,0.95655,0.98543,0.7769,0.83532,0.48067,1.92429,0.004819,0.004819,0.004819
316,1814.71,0.91176,0.5332,1.61899,0.97482,0.94883,0.98562,0.77751,0.84669,0.48926,1.92475,0.0048025,0.0048025,0.0048025
317,1820.37,0.89663,0.518,1.60614,0.96135,0.97543,0.97933,0.76875,0.86089,0.47901,1.9539,0.004786,0.004786,0.004786
318,1826.04,0.88828,0.50906,1.59848,0.95526,0.96569,0.98358,0.77415,0.87285,0.497,1.98644,0.0047695,0.0047695,0.0047695
319,1831.69,0.90082,0.50662,1.65004,0.96526,0.95351,0.98718,0.7813,0.8256,0.47564,1.91351,0.004753,0.004753,0.004753
320,1837.34,0.9078,0.51566,1.60813,0.98468,0.94515,0.98906,0.78184,0.83929,0.45699,1.90018,0.0047365,0.0047365,0.0047365
321,1843.03,0.92205,0.52236,1.6446,0.96866,0.95588,0.98838,0.78613,0.84549,0.46439,1.92286,0.00472,0.00472,0.00472
322,1848.93,0.88137,0.50228,1.64251,0.97029,0.9606,0.98592,0.77838,0.84891,0.47143,1.9263,0.0047035,0.0047035,0.0047035
323,1854.6,0.86289,0.50033,1.60206,0.97354,0.95588,0.98429,0.77173,0.85232,0.47337,1.94557,0.004687,0.004687,0.004687
324,1860.28,0.89598,0.51343,1.63369,0.96075,0.95996,0.98057,0.76693,0.86021,0.49573,1.94595,0.0046705,0.0046705,0.0046705
325,1865.94,0.89112,0.50298,1.65345,0.95362,0.96569,0.98104,0.76763,0.85274,0.49231,1.95561,0.004654,0.004654,0.004654
326,1871.59,0.92271,0.51963,1.59709,0.96339,0.95588,0.97941,0.75275,0.87303,0.49694,1.97103,0.0046375,0.0046375,0.0046375
327,1877.26,0.92432,0.52225,1.65008,0.9463,0.96569,0.9844,0.77956,0.84243,0.48649,1.93789,0.004621,0.004621,0.004621
328,1882.93,0.8871,0.51127,1.63382,0.98475,0.94979,0.98613,0.78694,0.82778,0.47485,1.93711,0.0046045,0.0046045,0.0046045
329,1888.78,0.89241,0.50545,1.63238,0.96584,0.97009,0.98515,0.78522,0.839,0.47423,1.91581,0.004588,0.004588,0.004588
330,1894.44,0.883,0.5062,1.57813,0.96882,0.96078,0.98444,0.78544,0.83517,0.47153,1.92159,0.0045715,0.0045715,0.0045715
331,1900.15,0.87426,0.50093,1.59091,0.96656,0.94608,0.98262,0.77664,0.85042,0.47727,1.93677,0.004555,0.004555,0.004555
332,1905.81,0.87064,0.49421,1.59065,0.96004,0.94608,0.98051,0.7761,0.83181,0.48757,1.91989,0.0045385,0.0045385,0.0045385
333,1911.49,0.86706,0.49793,1.61901,0.97453,0.95098,0.98417,0.7844,0.82219,0.47276,1.92237,0.004522,0.004522,0.004522
334,1917.16,0.88452,0.50251,1.65559,0.96076,0.96027,0.98617,0.78152,0.82203,0.46524,1.92758,0.0045055,0.0045055,0.0045055
335,1922.8,0.87958,0.49596,1.62905,0.97608,0.95098,0.98188,0.76815,0.8438,0.46693,1.95759,0.004489,0.004489,0.004489
336,1928.48,0.89213,0.50089,1.61992,0.98472,0.94756,0.98249,0.77032,0.85769,0.46848,1.97839,0.0044725,0.0044725,0.0044725
337,1934.16,0.8906,0.50724,1.62869,0.97848,0.95098,0.98085,0.77995,0.83062,0.46683,1.92354,0.004456,0.004456,0.004456
338,1939.83,0.88239,0.5019,1.57918,0.97611,0.95588,0.98823,0.78227,0.84572,0.45741,1.90678,0.0044395,0.0044395,0.0044395
339,1945.52,0.87835,0.50366,1.61765,0.96734,0.96078,0.98764,0.78371,0.85037,0.46737,1.90874,0.004423,0.004423,0.004423
340,1951.2,0.89292,0.50911,1.63718,0.97987,0.95426,0.98422,0.77809,0.84535,0.47094,1.91862,0.0044065,0.0044065,0.0044065
341,1956.86,0.87456,0.50558,1.63268,0.97488,0.95588,0.98548,0.78295,0.84507,0.47621,1.92475,0.00439,0.00439,0.00439
342,1962.54,0.88054,0.5045,1.60538,0.99184,0.92647,0.98657,0.78054,0.82863,0.45577,1.90471,0.0043735,0.0043735,0.0043735
343,1968.23,0.87197,0.4937,1.63455,0.97971,0.94696,0.98778,0.77671,0.84892,0.45606,1.93457,0.004357,0.004357,0.004357
344,1973.9,0.87642,0.49868,1.61786,0.97896,0.96078,0.98542,0.76825,0.85664,0.45755,1.95679,0.0043405,0.0043405,0.0043405
345,1980.08,0.87653,0.50466,1.63202,0.97149,0.95588,0.98466,0.77497,0.83737,0.46543,1.95468,0.004324,0.004324,0.004324
346,1985.83,0.86882,0.49443,1.6335,0.95278,0.96078,0.98649,0.7833,0.82974,0.45746,1.91725,0.0043075,0.0043075,0.0043075
347,1991.51,0.88659,0.50915,1.57375,0.97948,0.95588,0.98368,0.77024,0.83806,0.4689,1.902,0.004291,0.004291,0.004291
348,1997.18,0.86955,0.50219,1.61124,0.97658,0.95098,0.99041,0.78135,0.83925,0.45563,1.89298,0.0042745,0.0042745,0.0042745
349,2002.83,0.87834,0.50151,1.61275,0.9823,0.94608,0.9891,0.78191,0.82392,0.45966,1.94029,0.004258,0.004258,0.004258
350,2008.52,0.87522,0.50332,1.62079,0.97791,0.94118,0.98304,0.78224,0.83238,0.47017,1.91072,0.0042415,0.0042415,0.0042415
351,2014.19,0.87113,0.50439,1.62646,0.98468,0.94519,0.98432,0.78396,0.83023,0.47702,1.92902,0.004225,0.004225,0.004225
352,2019.9,0.86719,0.4963,1.62571,0.97925,0.94118,0.9849,0.78148,0.82859,0.46657,1.91278,0.0042085,0.0042085,0.0042085
353,2025.56,0.87984,0.4994,1.65304,0.9801,0.94608,0.9816,0.77877,0.83118,0.47012,1.92502,0.004192,0.004192,0.004192
354,2031.22,0.87153,0.49715,1.61282,0.97807,0.95098,0.98284,0.77924,0.84107,0.46284,1.9184,0.0041755,0.0041755,0.0041755
355,2036.89,0.86191,0.48777,1.5749,0.96964,0.95098,0.98484,0.76907,0.8617,0.47345,1.94389,0.004159,0.004159,0.004159
356,2042.59,0.86669,0.49229,1.56992,0.97495,0.95398,0.98421,0.76936,0.85752,0.47848,1.97295,0.0041425,0.0041425,0.0041425
357,2048.74,0.87486,0.50182,1.58982,0.97981,0.95179,0.98705,0.77081,0.83406,0.47197,1.93293,0.004126,0.004126,0.004126
358,2054.41,0.87615,0.49704,1.63202,0.97422,0.96078,0.98638,0.77773,0.82666,0.46995,1.90772,0.0041095,0.0041095,0.0041095
359,2060.08,0.86057,0.49237,1.59986,0.97119,0.95588,0.98527,0.77626,0.81868,0.46558,1.92654,0.004093,0.004093,0.004093
360,2065.74,0.84222,0.49046,1.59061,0.98479,0.95244,0.98273,0.78655,0.8202,0.47444,1.92229,0.0040765,0.0040765,0.0040765
361,2071.41,0.87503,0.49789,1.61075,0.99489,0.95446,0.98632,0.77745,0.82964,0.45802,1.93267,0.00406,0.00406,0.00406
362,2077.11,0.86656,0.49385,1.59913,0.98573,0.95098,0.98598,0.78329,0.82258,0.46597,1.91182,0.0040435,0.0040435,0.0040435
363,2082.79,0.86467,0.49515,1.61442,0.97242,0.94608,0.98496,0.77903,0.84296,0.48513,1.90116,0.004027,0.004027,0.004027
364,2088.47,0.87073,0.499,1.60284,0.96294,0.95588,0.98493,0.77855,0.82831,0.46229,1.88939,0.0040105,0.0040105,0.0040105
365,2094.13,0.86167,0.4905,1.60007,0.9699,0.94778,0.98692,0.7848,0.81611,0.45756,1.89948,0.003994,0.003994,0.003994
366,2099.79,0.85419,0.4895,1.62289,0.96071,0.95899,0.98698,0.79031,0.81561,0.45738,1.91199,0.0039775,0.0039775,0.0039775
367,2105.66,0.85217,0.4954,1.62579,0.98264,0.94608,0.98522,0.78613,0.81279,0.4532,1.89744,0.003961,0.003961,0.003961
368,2111.32,0.86236,0.49311,1.61005,0.97996,0.9589,0.98483,0.77898,0.81709,0.45721,1.89983,0.0039445,0.0039445,0.0039445
369,2116.98,0.8693,0.4894,1.60738,0.96486,0.96569,0.98508,0.78147,0.80919,0.45215,1.92466,0.003928,0.003928,0.003928
370,2122.63,0.85605,0.49096,1.61537,0.96993,0.9487,0.98398,0.77381,0.83357,0.45531,1.95863,0.0039115,0.0039115,0.0039115
371,2128.31,0.85634,0.48815,1.5861,0.96998,0.95034,0.98246,0.77023,0.85032,0.46127,1.94054,0.003895,0.003895,0.003895
372,2133.99,0.85855,0.49245,1.57362,0.96879,0.95588,0.9865,0.78299,0.82784,0.45073,1.90203,0.0038785,0.0038785,0.0038785
373,2139.69,0.85515,0.48923,1.60686,0.96989,0.94733,0.98574,0.78381,0.82189,0.44679,1.88688,0.003862,0.003862,0.003862
374,2145.36,0.88264,0.50303,1.63291,0.97489,0.95165,0.9855,0.79157,0.81846,0.45888,1.90929,0.0038455,0.0038455,0.0038455
375,2151.22,0.85051,0.49013,1.60349,0.98889,0.94608,0.98477,0.78858,0.82486,0.45751,1.92291,0.003829,0.003829,0.003829
376,2156.89,0.8332,0.47899,1.59376,0.97009,0.95403,0.98478,0.78585,0.8187,0.45115,1.91936,0.0038125,0.0038125,0.0038125
377,2162.54,0.85053,0.48636,1.56892,0.97623,0.95098,0.98029,0.7698,0.83111,0.45699,1.93205,0.003796,0.003796,0.003796
378,2168.22,0.85233,0.48731,1.59991,0.98347,0.95588,0.97914,0.76731,0.84578,0.45884,1.93392,0.0037795,0.0037795,0.0037795
379,2174.2,0.84374,0.48094,1.57028,0.96557,0.96242,0.99049,0.78615,0.82471,0.45802,1.9197,0.003763,0.003763,0.003763
380,2179.87,0.84988,0.48531,1.58266,0.97022,0.95821,0.98438,0.78814,0.81608,0.45285,1.90611,0.0037465,0.0037465,0.0037465
381,2185.53,0.85008,0.4815,1.57006,0.96527,0.96078,0.98521,0.7916,0.8056,0.4547,1.90354,0.00373,0.00373,0.00373
382,2191.38,0.865,0.49531,1.60458,0.96995,0.94952,0.98125,0.78606,0.81898,0.46377,1.91341,0.0037135,0.0037135,0.0037135
383,2197.06,0.85823,0.48838,1.58578,0.96286,0.95098,0.97953,0.76394,0.86323,0.46986,1.98733,0.003697,0.003697,0.003697
384,2202.73,0.84344,0.48709,1.60799,0.97353,0.94608,0.97824,0.7788,0.83114,0.46754,1.92984,0.0036805,0.0036805,0.0036805
385,2208.39,0.86394,0.49751,1.61174,0.98074,0.94608,0.98221,0.78169,0.83003,0.45913,1.92945,0.003664,0.003664,0.003664
386,2214.05,0.86049,0.49412,1.63279,0.95962,0.96078,0.98574,0.78082,0.82838,0.45651,1.93904,0.0036475,0.0036475,0.0036475
387,2219.7,0.85248,0.4867,1.59035,0.98801,0.94118,0.98413,0.77634,0.83044,0.46085,1.93791,0.003631,0.003631,0.003631
388,2225.37,0.84644,0.48597,1.61179,0.99383,0.94608,0.98783,0.77478,0.82598,0.45983,1.92449,0.0036145,0.0036145,0.0036145
389,2231.06,0.83477,0.47498,1.61256,0.99371,0.95588,0.98692,0.77998,0.82446,0.46238,1.92324,0.003598,0.003598,0.003598
390,2236.96,0.85179,0.48058,1.57861,0.9897,0.94244,0.98384,0.78376,0.83086,0.4567,1.93145,0.0035815,0.0035815,0.0035815
391,2242.62,0.84924,0.47864,1.58815,0.98982,0.95365,0.98992,0.78789,0.81756,0.44819,1.89382,0.003565,0.003565,0.003565
392,2248.29,0.84751,0.48872,1.61969,0.96648,0.96078,0.98881,0.77709,0.8259,0.4497,1.91111,0.0035485,0.0035485,0.0035485
393,2253.95,0.83604,0.48397,1.56173,0.9658,0.96911,0.98754,0.7742,0.8479,0.45079,1.95691,0.003532,0.003532,0.003532
394,2259.67,0.86515,0.48941,1.57478,0.96009,0.97549,0.98579,0.77384,0.83799,0.45983,1.93064,0.0035155,0.0035155,0.0035155
395,2265.32,0.84617,0.48892,1.56595,0.9583,0.97059,0.98524,0.77953,0.82737,0.45481,1.92615,0.003499,0.003499,0.003499
396,2271,0.84537,0.48331,1.59411,0.96114,0.96996,0.98499,0.78836,0.81455,0.45128,1.90742,0.0034825,0.0034825,0.0034825
397,2276.65,0.85936,0.49129,1.58139,0.96112,0.96936,0.9837,0.78349,0.81084,0.44829,1.92162,0.003466,0.003466,0.003466
398,2282.31,0.8257,0.4762,1.59638,0.97363,0.95098,0.98179,0.78048,0.81742,0.45041,1.92913,0.0034495,0.0034495,0.0034495
399,2287.98,0.84922,0.47825,1.57338,0.96529,0.95429,0.98464,0.77659,0.82641,0.45542,1.93806,0.003433,0.003433,0.003433
400,2293.67,0.8387,0.48634,1.56786,0.96092,0.96418,0.98384,0.77894,0.82512,0.45726,1.95208,0.0034165,0.0034165,0.0034165
401,2299.35,0.83745,0.4782,1.61886,0.98669,0.94118,0.98848,0.79095,0.81557,0.4485,1.91804,0.0034,0.0034,0.0034
402,2305.01,0.85441,0.48346,1.63228,0.96919,0.96078,0.98299,0.7824,0.82576,0.45449,1.89951,0.0033835,0.0033835,0.0033835
403,2310.66,0.85922,0.48545,1.59656,0.99481,0.94018,0.98737,0.78422,0.81782,0.4628,1.90777,0.003367,0.003367,0.003367
404,2316.33,0.83473,0.48145,1.64199,0.99138,0.95098,0.98573,0.78474,0.82527,0.45858,1.95661,0.0033505,0.0033505,0.0033505
405,2322,0.846,0.48036,1.60223,0.99135,0.95098,0.98598,0.78167,0.84451,0.46824,1.95079,0.003334,0.003334,0.003334
406,2327.68,0.85753,0.48873,1.60826,0.98988,0.95894,0.98988,0.78471,0.83415,0.46299,1.93343,0.0033175,0.0033175,0.0033175
407,2333.35,0.84708,0.47994,1.61352,0.98763,0.95098,0.98536,0.78835,0.82361,0.45507,1.93412,0.003301,0.003301,0.003301
408,2339.02,0.83252,0.47758,1.5637,0.98517,0.95098,0.98538,0.78352,0.8299,0.45959,1.94386,0.0032845,0.0032845,0.0032845
409,2344.69,0.85378,0.48482,1.60348,0.98496,0.94608,0.98548,0.79029,0.82488,0.45503,1.92945,0.003268,0.003268,0.003268
410,2350.38,0.82373,0.47446,1.60874,0.98731,0.94608,0.98862,0.78971,0.8207,0.44962,1.91749,0.0032515,0.0032515,0.0032515
411,2356.06,0.84053,0.47966,1.58809,0.98354,0.94608,0.98631,0.78597,0.82268,0.44897,1.91324,0.003235,0.003235,0.003235
412,2362.14,0.83806,0.47629,1.59757,0.98678,0.94608,0.98634,0.78886,0.81886,0.45043,1.91291,0.0032185,0.0032185,0.0032185
413,2367.95,0.81884,0.47569,1.57102,0.97958,0.94118,0.98272,0.78608,0.82022,0.451,1.92811,0.003202,0.003202,0.003202
414,2373.63,0.84151,0.48611,1.59953,0.96902,0.94118,0.98201,0.78444,0.82625,0.4499,1.9407,0.0031855,0.0031855,0.0031855
415,2379.3,0.81704,0.47264,1.55523,0.9715,0.94118,0.98324,0.78227,0.82682,0.45051,1.94205,0.003169,0.003169,0.003169
416,2384.96,0.83024,0.4811,1.59044,0.96024,0.94721,0.98573,0.788,0.82584,0.44564,1.92476,0.0031525,0.0031525,0.0031525
417,2390.64,0.82557,0.47251,1.56579,0.97657,0.93137,0.98514,0.78083,0.83603,0.44999,1.94251,0.003136,0.003136,0.003136
418,2396.32,0.82863,0.47569,1.60569,0.97027,0.95998,0.98478,0.78097,0.83145,0.44712,1.92951,0.0031195,0.0031195,0.0031195
419,2402,0.8372,0.47748,1.56575,0.96973,0.96078,0.9815,0.78491,0.82337,0.44527,1.92182,0.003103,0.003103,0.003103
420,2407.65,0.83346,0.47465,1.59552,0.97401,0.96078,0.98402,0.78796,0.82269,0.44354,1.90934,0.0030865,0.0030865,0.0030865
421,2413.3,0.82585,0.47098,1.5746,0.97508,0.95896,0.98621,0.79061,0.81804,0.4351,1.91392,0.00307,0.00307,0.00307
422,2418.97,0.84985,0.4851,1.57709,0.982,0.94608,0.98237,0.79115,0.82163,0.44362,1.92375,0.0030535,0.0030535,0.0030535
423,2424.64,0.82556,0.46302,1.59791,0.9836,0.95098,0.9863,0.78984,0.81955,0.44419,1.93347,0.003037,0.003037,0.003037
424,2430.3,0.82078,0.47193,1.59222,0.99486,0.94972,0.98855,0.78446,0.82629,0.4418,1.93217,0.0030205,0.0030205,0.0030205
425,2435.94,0.82622,0.47388,1.58692,0.9875,0.95098,0.98717,0.7815,0.82872,0.44107,1.94802,0.003004,0.003004,0.003004
426,2441.62,0.81354,0.4717,1.61005,0.97986,0.95391,0.98849,0.7803,0.83294,0.44208,1.93913,0.0029875,0.0029875,0.0029875
427,2447.32,0.82189,0.47223,1.56879,0.97501,0.95615,0.98528,0.78217,0.82939,0.44683,1.92627,0.002971,0.002971,0.002971
428,2452.99,0.83636,0.47775,1.56518,0.98202,0.95098,0.98477,0.78255,0.82487,0.44824,1.93464,0.0029545,0.0029545,0.0029545
429,2458.67,0.82277,0.46916,1.51037,0.98971,0.94608,0.9859,0.78797,0.82277,0.44781,1.93723,0.002938,0.002938,0.002938
430,2464.32,0.81162,0.46774,1.59434,0.98963,0.95098,0.98792,0.786,0.82214,0.45125,1.92212,0.0029215,0.0029215,0.0029215
431,2470,0.80547,0.46486,1.53963,0.98752,0.94608,0.98673,0.77713,0.81939,0.44764,1.91362,0.002905,0.002905,0.002905
432,2475.64,0.82283,0.46503,1.55321,0.98849,0.94608,0.98715,0.78138,0.81698,0.45422,1.93046,0.0028885,0.0028885,0.0028885
433,2481.31,0.82525,0.4711,1.53887,0.98765,0.94608,0.98207,0.78217,0.81084,0.44933,1.93028,0.002872,0.002872,0.002872
434,2487.22,0.83622,0.47303,1.59165,0.97026,0.95961,0.98348,0.78198,0.80999,0.44317,1.92918,0.0028555,0.0028555,0.0028555
435,2493.32,0.82732,0.47342,1.59845,0.98466,0.9441,0.98404,0.77799,0.82802,0.45305,1.94514,0.002839,0.002839,0.002839
436,2498.98,0.8241,0.47536,1.56886,0.97973,0.94772,0.98381,0.78241,0.82057,0.4443,1.93013,0.0028225,0.0028225,0.0028225
437,2504.66,0.83232,0.47867,1.60846,0.98624,0.94608,0.98375,0.78369,0.81479,0.44274,1.92211,0.002806,0.002806,0.002806
438,2510.31,0.82662,0.47518,1.57903,0.98979,0.95027,0.98419,0.78711,0.80179,0.45034,1.90297,0.0027895,0.0027895,0.0027895
439,2515.99,0.79901,0.46555,1.55785,0.99232,0.95098,0.98617,0.78595,0.80982,0.44225,1.90581,0.002773,0.002773,0.002773
440,2521.66,0.81021,0.4647,1.58396,0.9922,0.95098,0.98703,0.78388,0.81845,0.44237,1.9095,0.0027565,0.0027565,0.0027565
441,2527.34,0.80641,0.45395,1.58538,0.99286,0.95098,0.98585,0.78595,0.81878,0.44656,1.91342,0.00274,0.00274,0.00274
442,2533.01,0.80364,0.45725,1.58378,0.99176,0.95098,0.98433,0.78975,0.80892,0.43865,1.90411,0.0027235,0.0027235,0.0027235
443,2538.7,0.81289,0.46747,1.59349,0.98649,0.95098,0.98336,0.78623,0.8135,0.44189,1.92877,0.002707,0.002707,0.002707
444,2544.4,0.81902,0.46595,1.54533,0.98472,0.94766,0.9845,0.7874,0.81064,0.43713,1.93977,0.0026905,0.0026905,0.0026905
445,2550.06,0.80591,0.46435,1.5651,0.99273,0.95098,0.98508,0.7881,0.81063,0.43913,1.91404,0.002674,0.002674,0.002674
446,2556.19,0.81448,0.4709,1.55419,0.99311,0.95098,0.98464,0.79193,0.80865,0.43274,1.90402,0.0026575,0.0026575,0.0026575
447,2562.06,0.80456,0.45877,1.59796,0.99016,0.95098,0.98488,0.78849,0.81822,0.43097,1.91569,0.002641,0.002641,0.002641
448,2567.72,0.80839,0.46489,1.5581,0.99308,0.95098,0.98514,0.78985,0.81168,0.43476,1.9134,0.0026245,0.0026245,0.0026245
449,2573.38,0.83287,0.47121,1.58796,0.98579,0.95098,0.98514,0.78938,0.80583,0.43386,1.9085,0.002608,0.002608,0.002608
450,2579.07,0.81128,0.46801,1.54296,0.98206,0.95098,0.9859,0.78855,0.81352,0.43674,1.91482,0.0025915,0.0025915,0.0025915
451,2584.72,0.8117,0.46637,1.58317,0.98979,0.94998,0.98565,0.78728,0.82039,0.44449,1.93465,0.002575,0.002575,0.002575
452,2590.37,0.79847,0.45777,1.5481,0.98473,0.94823,0.98481,0.78087,0.82766,0.44655,1.94534,0.0025585,0.0025585,0.0025585
453,2596.03,0.80946,0.45996,1.57414,0.9777,0.95098,0.98307,0.78353,0.82234,0.44686,1.92795,0.002542,0.002542,0.002542
454,2601.7,0.82356,0.46556,1.60471,0.98596,0.95098,0.98426,0.78835,0.81291,0.44271,1.92116,0.0025255,0.0025255,0.0025255
455,2607.37,0.82349,0.46732,1.58684,0.98711,0.95098,0.98505,0.78782,0.80904,0.43584,1.91774,0.002509,0.002509,0.002509
456,2613.05,0.81864,0.46436,1.56047,0.98465,0.95098,0.98376,0.78093,0.81945,0.43654,1.92809,0.0024925,0.0024925,0.0024925
457,2618.74,0.81183,0.47069,1.59265,0.98223,0.95098,0.9822,0.77887,0.82138,0.44681,1.95682,0.002476,0.002476,0.002476
458,2624.41,0.80971,0.46811,1.56405,0.98361,0.95098,0.98477,0.79053,0.80782,0.44386,1.93671,0.0024595,0.0024595,0.0024595
459,2630.08,0.79639,0.45334,1.5827,0.98728,0.95098,0.98611,0.78483,0.81617,0.44512,1.93419,0.002443,0.002443,0.002443
460,2635.74,0.82635,0.47122,1.61089,0.98978,0.9495,0.98632,0.78555,0.81396,0.44209,1.92338,0.0024265,0.0024265,0.0024265
461,2641.42,0.80027,0.45731,1.55087,0.98775,0.94608,0.98576,0.78687,0.81223,0.44711,1.92263,0.00241,0.00241,0.00241
462,2647.06,0.80831,0.46027,1.60687,0.97498,0.95522,0.9829,0.77835,0.81991,0.45163,1.94093,0.0023935,0.0023935,0.0023935
463,2652.72,0.80733,0.45816,1.57309,0.97013,0.95517,0.98362,0.77865,0.82237,0.4573,1.93858,0.002377,0.002377,0.002377
464,2658.36,0.79015,0.45797,1.54817,0.97003,0.95098,0.98455,0.78266,0.82218,0.4504,1.95398,0.0023605,0.0023605,0.0023605
465,2664.02,0.80271,0.46196,1.57425,0.98211,0.95098,0.98459,0.78024,0.81674,0.44219,1.96091,0.002344,0.002344,0.002344
466,2669.69,0.80293,0.46173,1.57317,0.97384,0.95098,0.98334,0.78006,0.81626,0.45262,1.96032,0.0023275,0.0023275,0.0023275
467,2675.38,0.80242,0.46471,1.54959,0.97488,0.95137,0.98427,0.77987,0.81224,0.44805,1.94322,0.002311,0.002311,0.002311
468,2681.34,0.80661,0.46174,1.55587,0.9755,0.95098,0.98355,0.77417,0.80663,0.44583,1.93447,0.0022945,0.0022945,0.0022945
469,2686.99,0.79338,0.45599,1.55042,0.97496,0.95419,0.98395,0.77857,0.8056,0.44672,1.93173,0.002278,0.002278,0.002278
470,2692.67,0.78917,0.45508,1.57493,0.97924,0.95098,0.98469,0.78675,0.80812,0.44111,1.91594,0.0022615,0.0022615,0.0022615
471,2698.36,0.78547,0.45294,1.52472,0.97488,0.95121,0.98396,0.78399,0.80845,0.44392,1.91802,0.002245,0.002245,0.002245
472,2704.03,0.80815,0.46109,1.56817,0.97721,0.95098,0.98373,0.78953,0.81012,0.44323,1.91042,0.0022285,0.0022285,0.0022285
473,2709.72,0.78718,0.45847,1.5416,0.95394,0.97059,0.9835,0.78128,0.81707,0.44163,1.92903,0.002212,0.002212,0.002212
474,2715.38,0.79569,0.4554,1.54809,0.96474,0.96078,0.98421,0.78686,0.80591,0.43153,1.92694,0.0021955,0.0021955,0.0021955
475,2721.04,0.80517,0.46281,1.55817,0.96523,0.96569,0.98387,0.78659,0.80292,0.43543,1.92318,0.002179,0.002179,0.002179
476,2726.69,0.80541,0.45885,1.56918,0.96567,0.96508,0.9838,0.78631,0.80578,0.4385,1.921,0.0021625,0.0021625,0.0021625
477,2732.35,0.78718,0.45402,1.57719,0.9739,0.95098,0.98372,0.78297,0.81295,0.43653,1.93623,0.002146,0.002146,0.002146
478,2738.05,0.79801,0.45856,1.54609,0.97286,0.95098,0.98442,0.78717,0.81062,0.42853,1.93053,0.0021295,0.0021295,0.0021295
479,2743.71,0.81005,0.46111,1.57626,0.97492,0.95268,0.98597,0.78974,0.80398,0.43082,1.90788,0.002113,0.002113,0.002113
480,2749.38,0.79205,0.45671,1.56824,0.95911,0.97059,0.98341,0.79277,0.80662,0.43585,1.91414,0.0020965,0.0020965,0.0020965
481,2755.24,0.80058,0.45925,1.57536,0.96302,0.96078,0.98369,0.79343,0.80698,0.43886,1.91778,0.00208,0.00208,0.00208
482,2761.09,0.78696,0.45675,1.52488,0.97887,0.95098,0.98413,0.78627,0.81258,0.4416,1.92779,0.0020635,0.0020635,0.0020635
483,2766.76,0.79403,0.45548,1.58516,0.96546,0.95909,0.98495,0.78696,0.81267,0.44132,1.92331,0.002047,0.002047,0.002047
484,2772.44,0.77459,0.45048,1.54749,0.96093,0.96463,0.98596,0.79236,0.81198,0.43933,1.9281,0.0020305,0.0020305,0.0020305
485,2778.11,0.80021,0.45656,1.55287,0.98406,0.95098,0.98533,0.79398,0.80906,0.43648,1.91706,0.002014,0.002014,0.002014
486,2784.01,0.79975,0.46023,1.58239,0.98942,0.95098,0.9844,0.78946,0.81077,0.43619,1.92206,0.0019975,0.0019975,0.0019975
487,2789.66,0.79865,0.46219,1.55389,0.98639,0.95098,0.98538,0.78845,0.81254,0.43744,1.93233,0.001981,0.001981,0.001981
488,2795.32,0.78087,0.45525,1.56191,0.98843,0.95098,0.98411,0.78772,0.81592,0.4432,1.94045,0.0019645,0.0019645,0.0019645
489,2801.02,0.79052,0.45567,1.55709,0.98408,0.95098,0.98439,0.7858,0.8114,0.44198,1.93674,0.001948,0.001948,0.001948
490,2806.67,0.79038,0.45093,1.56376,0.98467,0.9444,0.98393,0.79053,0.80426,0.43734,1.93502,0.0019315,0.0019315,0.0019315
491,2812.34,0.79783,0.45627,1.55678,0.97983,0.95231,0.98646,0.78963,0.80091,0.4399,1.92957,0.001915,0.001915,0.001915
492,2818.02,0.80056,0.46244,1.54884,0.97964,0.94326,0.98505,0.78958,0.80097,0.44036,1.91938,0.0018985,0.0018985,0.0018985
493,2823.69,0.80322,0.4514,1.56419,0.98941,0.95098,0.9853,0.78995,0.79645,0.43988,1.91395,0.001882,0.001882,0.001882
494,2829.36,0.7724,0.44383,1.53504,0.99222,0.95098,0.98604,0.789,0.79665,0.43886,1.92504,0.0018655,0.0018655,0.0018655
495,2835.04,0.78947,0.45039,1.56735,0.98976,0.94769,0.98644,0.79256,0.79603,0.43215,1.92916,0.001849,0.001849,0.001849
496,2840.7,0.7752,0.45094,1.53863,0.99484,0.94583,0.98459,0.78748,0.79421,0.43384,1.92005,0.0018325,0.0018325,0.0018325
497,2846.36,0.77574,0.44863,1.53667,0.96296,0.96078,0.98398,0.78307,0.79957,0.43731,1.92181,0.001816,0.001816,0.001816
498,2852.02,0.7869,0.45193,1.55169,0.97642,0.95098,0.9856,0.78824,0.80263,0.43487,1.92793,0.0017995,0.0017995,0.0017995
499,2857.68,0.77489,0.44754,1.56813,0.97002,0.95172,0.98509,0.78317,0.81053,0.4308,1.92865,0.001783,0.001783,0.001783
500,2863.37,0.77765,0.4483,1.53439,0.97729,0.95098,0.98369,0.78625,0.79857,0.43004,1.92244,0.0017665,0.0017665,0.0017665
501,2869.03,0.78295,0.45182,1.55291,0.98473,0.95098,0.9815,0.79376,0.79931,0.433,1.91892,0.00175,0.00175,0.00175
502,2874.72,0.78256,0.45043,1.53131,0.9831,0.94608,0.98266,0.79277,0.8021,0.42947,1.91812,0.0017335,0.0017335,0.0017335
503,2880.37,0.76111,0.43776,1.52029,0.97973,0.9479,0.98333,0.798,0.79368,0.42881,1.9074,0.001717,0.001717,0.001717
504,2886.24,0.77737,0.45679,1.54549,0.97492,0.95284,0.98403,0.80181,0.79263,0.43341,1.90324,0.0017005,0.0017005,0.0017005
505,2892.13,0.79265,0.46085,1.53946,0.98147,0.94608,0.98255,0.7925,0.80151,0.43782,1.91598,0.001684,0.001684,0.001684
506,2897.79,0.76855,0.44629,1.5068,0.97624,0.95098,0.98354,0.79037,0.80326,0.43962,1.91883,0.0016675,0.0016675,0.0016675
507,2903.46,0.77406,0.45375,1.55521,0.97878,0.94608,0.98419,0.79173,0.80182,0.44283,1.93434,0.001651,0.001651,0.001651
508,2909.14,0.77241,0.44714,1.56132,0.96547,0.95957,0.98371,0.78728,0.80761,0.44246,1.95088,0.0016345,0.0016345,0.0016345
509,2914.82,0.78451,0.44669,1.55809,0.9829,0.94608,0.98409,0.78603,0.80843,0.43715,1.93129,0.001618,0.001618,0.001618
510,2920.48,0.77685,0.44605,1.54764,0.98968,0.94034,0.98438,0.79013,0.80386,0.43287,1.92541,0.0016015,0.0016015,0.0016015
511,2926.16,0.77827,0.4447,1.52475,0.98968,0.9401,0.98376,0.78887,0.80294,0.43171,1.91334,0.001585,0.001585,0.001585
512,2932.15,0.77753,0.44205,1.54716,0.9841,0.94118,0.9849,0.79246,0.80501,0.43092,1.90745,0.0015685,0.0015685,0.0015685
513,2937.81,0.77327,0.4484,1.55701,0.96092,0.96424,0.98398,0.78911,0.80352,0.43438,1.90827,0.001552,0.001552,0.001552
514,2943.48,0.7813,0.45039,1.54346,0.97512,0.96056,0.98415,0.79041,0.79775,0.42322,1.90802,0.0015355,0.0015355,0.0015355
515,2949.15,0.79081,0.44725,1.56588,0.97506,0.9581,0.98479,0.79288,0.79819,0.42697,1.91736,0.001519,0.001519,0.001519
516,2954.81,0.7775,0.45047,1.56558,0.97029,0.9606,0.98504,0.79424,0.8015,0.43044,1.92081,0.0015025,0.0015025,0.0015025
517,2960.48,0.76931,0.44673,1.55658,0.975,0.9559,0.98461,0.79587,0.80391,0.43368,1.92122,0.001486,0.001486,0.001486
518,2966.15,0.79016,0.45702,1.56827,0.9775,0.95588,0.98424,0.79363,0.80271,0.43877,1.92318,0.0014695,0.0014695,0.0014695
519,2971.81,0.76933,0.44253,1.55641,0.97987,0.95461,0.98449,0.79805,0.79843,0.43662,1.9239,0.001453,0.001453,0.001453
520,2977.48,0.77396,0.44993,1.53373,0.97987,0.95588,0.98543,0.79351,0.79625,0.43634,1.92475,0.0014365,0.0014365,0.0014365
521,2983.15,0.77526,0.44042,1.54535,0.97507,0.95884,0.9843,0.7899,0.7931,0.43608,1.92284,0.00142,0.00142,0.00142
522,2988.81,0.76947,0.44226,1.54747,0.97508,0.9592,0.98385,0.78843,0.797,0.4356,1.92675,0.0014035,0.0014035,0.0014035
523,2994.52,0.76344,0.44094,1.51968,0.97509,0.95931,0.98608,0.79061,0.7986,0.43771,1.92824,0.001387,0.001387,0.001387
524,3000.18,0.77009,0.44759,1.51239,0.97108,0.96078,0.98627,0.78872,0.80299,0.43941,1.9273,0.0013705,0.0013705,0.0013705
525,3005.84,0.77046,0.4492,1.56543,0.97512,0.96052,0.98461,0.79736,0.7914,0.43863,1.91313,0.001354,0.001354,0.001354
526,3011.5,0.77211,0.44789,1.57816,0.98295,0.94608,0.98485,0.79664,0.79214,0.43724,1.91809,0.0013375,0.0013375,0.0013375
527,3017.17,0.78004,0.44885,1.54396,0.98401,0.95098,0.98658,0.79624,0.79353,0.43545,1.92301,0.001321,0.001321,0.001321
528,3022.86,0.77878,0.44599,1.53207,0.97714,0.95588,0.98506,0.79255,0.79409,0.43194,1.91785,0.0013045,0.0013045,0.0013045
529,3028.53,0.76769,0.43803,1.54302,0.97506,0.95841,0.98465,0.79068,0.79944,0.43608,1.92324,0.001288,0.001288,0.001288
530,3034.2,0.7695,0.44713,1.53224,0.97982,0.94608,0.98347,0.78498,0.8058,0.43898,1.92508,0.0012715,0.0012715,0.0012715
531,3039.88,0.75506,0.43807,1.52426,0.98475,0.94945,0.98363,0.78458,0.80691,0.43853,1.92695,0.001255,0.001255,0.001255
532,3045.6,0.76467,0.44762,1.52071,0.98475,0.94944,0.98437,0.78875,0.80672,0.43399,1.91968,0.0012385,0.0012385,0.0012385
533,3051.28,0.78178,0.44596,1.59378,0.98481,0.95362,0.98428,0.79216,0.80753,0.43877,1.91882,0.001222,0.001222,0.001222
534,3057.54,0.75913,0.43744,1.53849,0.98331,0.95588,0.98436,0.79363,0.80479,0.43523,1.92511,0.0012055,0.0012055,0.0012055
535,3063.23,0.77136,0.44519,1.55047,0.98277,0.95588,0.98435,0.79171,0.80418,0.4334,1.92998,0.001189,0.001189,0.001189
536,3068.9,0.7657,0.43931,1.49914,0.9848,0.9525,0.98432,0.79146,0.8103,0.44028,1.93688,0.0011725,0.0011725,0.0011725
537,3074.57,0.75886,0.44137,1.52353,0.98047,0.95098,0.98406,0.78762,0.81012,0.4409,1.93543,0.001156,0.001156,0.001156
538,3080.24,0.78349,0.44659,1.54113,0.9838,0.95098,0.98461,0.78494,0.80449,0.43596,1.92514,0.0011395,0.0011395,0.0011395
539,3085.9,0.76357,0.43915,1.54378,0.98464,0.95098,0.98491,0.79125,0.80378,0.43471,1.91662,0.001123,0.001123,0.001123
540,3091.58,0.77377,0.44546,1.52059,0.98461,0.95098,0.98522,0.79489,0.80306,0.43572,1.91727,0.0011065,0.0011065,0.0011065
541,3097.25,0.75067,0.43661,1.49943,0.98639,0.94608,0.98441,0.79078,0.80756,0.43908,1.92555,0.00109,0.00109,0.00109
542,3102.91,0.75444,0.44145,1.50682,0.99153,0.94608,0.98471,0.7922,0.79891,0.44084,1.92968,0.0010735,0.0010735,0.0010735
543,3108.57,0.75953,0.44377,1.57176,0.99328,0.94608,0.98433,0.78959,0.80165,0.44707,1.9402,0.001057,0.001057,0.001057
544,3114.25,0.76365,0.44207,1.55216,0.99369,0.94608,0.98417,0.78823,0.80531,0.45108,1.94649,0.0010405,0.0010405,0.0010405
545,3120.08,0.74421,0.43451,1.53952,0.98895,0.94118,0.98417,0.78316,0.80896,0.45124,1.94603,0.001024,0.001024,0.001024
546,3126.15,0.76234,0.44592,1.50024,0.97489,0.95171,0.98435,0.78665,0.80402,0.4466,1.94398,0.0010075,0.0010075,0.0010075
547,3131.81,0.75237,0.4385,1.55249,0.97963,0.95098,0.98501,0.78622,0.79941,0.4383,1.94057,0.000991,0.000991,0.000991
548,3137.48,0.76164,0.43685,1.52874,0.97925,0.95098,0.98514,0.78749,0.8029,0.43917,1.92933,0.0009745,0.0009745,0.0009745
549,3143.17,0.74743,0.43137,1.51996,0.99319,0.95098,0.98515,0.78847,0.80209,0.4407,1.92743,0.000958,0.000958,0.000958
550,3148.86,0.75906,0.44215,1.52002,0.99429,0.95098,0.98474,0.78999,0.803,0.44341,1.93337,0.0009415,0.0009415,0.0009415
551,3154.54,0.76034,0.43677,1.49801,0.99485,0.94749,0.98426,0.79025,0.80159,0.44055,1.92601,0.000925,0.000925,0.000925
552,3160.21,0.75766,0.43967,1.51097,0.98468,0.94535,0.98373,0.78943,0.80687,0.44589,1.92393,0.0009085,0.0009085,0.0009085
553,3165.88,0.75083,0.43983,1.5264,0.98475,0.94982,0.98398,0.7884,0.80092,0.44461,1.91631,0.000892,0.000892,0.000892
554,3171.52,0.76654,0.44406,1.59142,0.98475,0.94963,0.98404,0.79076,0.79864,0.43951,1.91089,0.0008755,0.0008755,0.0008755
555,3177.23,0.74506,0.43468,1.48586,0.98471,0.94718,0.98353,0.7883,0.79942,0.43866,1.91459,0.000859,0.000859,0.000859
556,3182.89,0.75891,0.43763,1.5412,0.98472,0.94758,0.9833,0.78695,0.80119,0.43499,1.91853,0.0008425,0.0008425,0.0008425
557,3188.79,0.75518,0.44076,1.51661,0.98474,0.94898,0.98388,0.79161,0.79986,0.43788,1.92528,0.000826,0.000826,0.000826
558,3194.46,0.74416,0.43878,1.55207,0.9756,0.95098,0.98379,0.79094,0.80114,0.43768,1.92503,0.0008095,0.0008095,0.0008095
559,3200.14,0.75185,0.43944,1.52215,0.97741,0.95098,0.98431,0.78747,0.80317,0.43817,1.9245,0.000793,0.000793,0.000793
560,3205.81,0.75105,0.43778,1.54932,0.97957,0.95098,0.98392,0.78762,0.80337,0.43836,1.9254,0.0007765,0.0007765,0.0007765
561,3211.48,0.7326,0.43356,1.50419,0.9803,0.95098,0.98382,0.78614,0.80267,0.44132,1.92753,0.00076,0.00076,0.00076
562,3217.15,0.74731,0.42924,1.50704,0.98012,0.95098,0.98406,0.78712,0.80334,0.43874,1.93083,0.0007435,0.0007435,0.0007435
563,3222.81,0.76112,0.4358,1.54051,0.98481,0.94608,0.984,0.78805,0.80688,0.44056,1.9324,0.000727,0.000727,0.000727
564,3228.46,0.74162,0.42695,1.55406,0.97974,0.94823,0.9842,0.78619,0.80427,0.43797,1.9289,0.0007105,0.0007105,0.0007105
565,3234.12,0.73979,0.43444,1.50537,0.97972,0.94728,0.98486,0.78878,0.80258,0.43798,1.92718,0.000694,0.000694,0.000694
566,3239.8,0.74351,0.44013,1.54064,0.97978,0.94998,0.98509,0.7899,0.80332,0.43827,1.92779,0.0006775,0.0006775,0.0006775
567,3245.48,0.74,0.42942,1.52754,0.97978,0.9503,0.98491,0.79377,0.8039,0.43787,1.93035,0.000661,0.000661,0.000661
568,3251.48,0.75518,0.4415,1.52827,0.97816,0.95098,0.98506,0.79425,0.80205,0.43554,1.92296,0.0006445,0.0006445,0.0006445
569,3257.13,0.73763,0.43208,1.51767,0.97486,0.95098,0.98483,0.79535,0.7967,0.43417,1.91531,0.000628,0.000628,0.000628
570,3262.79,0.74362,0.43165,1.54967,0.97445,0.95098,0.98483,0.79613,0.79641,0.43441,1.91074,0.0006115,0.0006115,0.0006115
571,3268.47,0.7362,0.43046,1.51057,0.97496,0.95451,0.98481,0.79415,0.79855,0.43229,1.91259,0.000595,0.000595,0.000595
572,3274.16,0.73699,0.42682,1.5178,0.97427,0.95098,0.98471,0.794,0.79874,0.4344,1.91877,0.0005785,0.0005785,0.0005785
573,3279.83,0.74548,0.42934,1.54017,0.97496,0.95419,0.98506,0.7949,0.79934,0.43092,1.92096,0.000562,0.000562,0.000562
574,3285.5,0.76625,0.43603,1.55588,0.97494,0.95369,0.98499,0.79359,0.79904,0.43486,1.92261,0.0005455,0.0005455,0.0005455
575,3291.18,0.74818,0.43352,1.52449,0.97639,0.95098,0.98492,0.79406,0.8008,0.43546,1.92958,0.000529,0.000529,0.000529
576,3296.85,0.73644,0.43027,1.51773,0.978,0.95098,0.98495,0.79227,0.80105,0.43168,1.93097,0.0005125,0.0005125,0.0005125
577,3302.52,0.73362,0.42878,1.51935,0.97802,0.95098,0.98512,0.79207,0.80016,0.43065,1.93238,0.000496,0.000496,0.000496
578,3308.21,0.74178,0.42912,1.53366,0.96549,0.95987,0.98517,0.79255,0.80065,0.43004,1.93286,0.0004795,0.0004795,0.0004795
579,3314.28,0.73028,0.42936,1.51374,0.9655,0.96025,0.98532,0.79085,0.8038,0.43002,1.93421,0.000463,0.000463,0.000463
580,3320.26,0.72461,0.42069,1.50589,0.9655,0.9602,0.98537,0.79175,0.80331,0.43129,1.93651,0.0004465,0.0004465,0.0004465
581,3325.93,0.72523,0.42352,1.51215,0.97971,0.94685,0.9854,0.79005,0.80123,0.42973,1.93637,0.00043,0.00043,0.00043
582,3331.62,0.74419,0.42756,1.52127,0.97975,0.94851,0.98501,0.78676,0.799,0.43118,1.93529,0.0004135,0.0004135,0.0004135
583,3337.29,0.72933,0.42875,1.49592,0.97975,0.94892,0.98467,0.78891,0.79993,0.43277,1.93612,0.000397,0.000397,0.000397
584,3342.97,0.73884,0.43571,1.51226,0.97975,0.94877,0.98424,0.78632,0.80101,0.43352,1.9377,0.0003805,0.0003805,0.0003805
585,3348.67,0.73206,0.42888,1.49509,0.96363,0.96078,0.9841,0.78947,0.80155,0.43522,1.93977,0.000364,0.000364,0.000364
586,3354.35,0.73768,0.43324,1.50278,0.97975,0.94876,0.98394,0.79058,0.80055,0.43342,1.94084,0.0003475,0.0003475,0.0003475
587,3360.01,0.74702,0.43065,1.52666,0.96564,0.96441,0.98371,0.7897,0.7988,0.43608,1.94051,0.000331,0.000331,0.000331
588,3365.68,0.7232,0.42618,1.52182,0.96568,0.96554,0.98359,0.79197,0.79833,0.43953,1.93859,0.0003145,0.0003145,0.0003145
589,3371.36,0.74436,0.42694,1.52262,0.96564,0.96445,0.98349,0.78786,0.79906,0.4429,1.93708,0.000298,0.000298,0.000298
590,3377.14,0.72359,0.42589,1.54497,0.96559,0.96277,0.98306,0.78667,0.79715,0.44073,1.93858,0.0002815,0.0002815,0.0002815
591,3383.21,0.73836,0.42581,1.53294,0.9656,0.96311,0.98255,0.78773,0.79493,0.44047,1.93437,0.000265,0.000265,0.000265
592,3388.87,0.73315,0.42863,1.5648,0.9656,0.9632,0.98257,0.7887,0.79414,0.43966,1.93671,0.0002485,0.0002485,0.0002485
593,3394.53,0.72741,0.42029,1.4723,0.96551,0.96066,0.98268,0.78828,0.79412,0.4399,1.93887,0.000232,0.000232,0.000232
594,3400.2,0.73742,0.43136,1.53059,0.9655,0.96042,0.98269,0.78738,0.79613,0.44005,1.94325,0.0002155,0.0002155,0.0002155
595,3405.87,0.72602,0.42507,1.50871,0.96551,0.96049,0.98279,0.78404,0.79858,0.44055,1.94713,0.000199,0.000199,0.000199
596,3411.52,0.72469,0.41987,1.52757,0.96551,0.96044,0.98294,0.78371,0.79918,0.44121,1.94614,0.0001825,0.0001825,0.0001825
597,3417.18,0.71898,0.42536,1.51916,0.96549,0.96008,0.98308,0.78329,0.80046,0.44056,1.94757,0.000166,0.000166,0.000166
598,3422.83,0.73432,0.42561,1.51682,0.96277,0.96078,0.98325,0.78573,0.80086,0.4383,1.94729,0.0001495,0.0001495,0.0001495
599,3428.49,0.73052,0.42447,1.50568,0.97976,0.94896,0.98353,0.78703,0.80117,0.43909,1.94847,0.000133,0.000133,0.000133
600,3434.17,0.72694,0.41958,1.49146,0.97976,0.949,0.98374,0.78655,0.79955,0.43871,1.94802,0.0001165,0.0001165,0.0001165
